--
-- Script was generated by Devart dbForge Studio 2020 for MySQL, Version 9.0.338.0
-- Product home page: http://www.devart.com/dbforge/mysql/studio
-- Script date 15/03/2022 7:26:10 AM
-- Server version: 10.3.34
-- Client version: 4.1
--

-- 
-- Disable foreign keys
-- 
/*!40014 SET @OLD_FOREIGN_KEY_CHECKS=@@FOREIGN_KEY_CHECKS, FOREIGN_KEY_CHECKS=0 */;

-- 
-- Set SQL mode
-- 
/*!40101 SET @OLD_SQL_MODE=@@SQL_MODE, SQL_MODE='NO_AUTO_VALUE_ON_ZERO' */;

-- 
-- Set character set the client will use to send SQL statements to the server
--
SET NAMES 'utf8';

--
-- Set default database
--
USE `MISA.WEB12.HOAIPT2`;

--
-- Drop view `View_AllAccountObjectGroup`
--
DROP VIEW IF EXISTS View_AllAccountObjectGroup CASCADE;

--
-- Drop table `AccountObjectGroup`
--
DROP TABLE IF EXISTS AccountObjectGroup;

--
-- Drop view `View_AllCaPaymentDetail`
--
DROP VIEW IF EXISTS View_AllCaPaymentDetail CASCADE;

--
-- Drop table `CaPaymentDetail`
--
DROP TABLE IF EXISTS CaPaymentDetail;

--
-- Drop procedure `Proc_GetCaPaymentPaging`
--
DROP PROCEDURE IF EXISTS Proc_GetCaPaymentPaging;

--
-- Drop view `View_AllCaPayment`
--
DROP VIEW IF EXISTS View_AllCaPayment CASCADE;

--
-- Drop view `View_ExportCaPayment`
--
DROP VIEW IF EXISTS View_ExportCaPayment CASCADE;

--
-- Drop view `View_ExportEmployee`
--
DROP VIEW IF EXISTS View_ExportEmployee CASCADE;

--
-- Drop table `CaPayment`
--
DROP TABLE IF EXISTS CaPayment;

--
-- Drop procedure `Proc_GetAccountObjectPaging`
--
DROP PROCEDURE IF EXISTS Proc_GetAccountObjectPaging;

--
-- Drop procedure `Proc_GetAccountObjectPaging2`
--
DROP PROCEDURE IF EXISTS Proc_GetAccountObjectPaging2;

--
-- Drop view `View_AllAccountObject`
--
DROP VIEW IF EXISTS View_AllAccountObject CASCADE;

--
-- Drop view `View_ExportAccountObject`
--
DROP VIEW IF EXISTS View_ExportAccountObject CASCADE;

--
-- Drop table `AccountObject`
--
DROP TABLE IF EXISTS AccountObject;

--
-- Drop view `View_AllPayAccount`
--
DROP VIEW IF EXISTS View_AllPayAccount CASCADE;

--
-- Drop table `PayAccount`
--
DROP TABLE IF EXISTS PayAccount;

--
-- Drop view `View_AllPaymentTerm`
--
DROP VIEW IF EXISTS View_AllPaymentTerm CASCADE;

--
-- Drop table `PaymentTerm`
--
DROP TABLE IF EXISTS PaymentTerm;

--
-- Drop procedure `Proc_GetEmployeePaging`
--
DROP PROCEDURE IF EXISTS Proc_GetEmployeePaging;

--
-- Drop view `View_AllEmployee`
--
DROP VIEW IF EXISTS View_AllEmployee CASCADE;

--
-- Drop view `View_AllEmployeeCode`
--
DROP VIEW IF EXISTS View_AllEmployeeCode CASCADE;

--
-- Drop table `Employee`
--
DROP TABLE IF EXISTS Employee;

--
-- Drop view `View_AllDepartment`
--
DROP VIEW IF EXISTS View_AllDepartment CASCADE;

--
-- Drop table `Department`
--
DROP TABLE IF EXISTS Department;

--
-- Set default database
--
USE `MISA.WEB12.HOAIPT2`;

--
-- Create table `Department`
--
CREATE TABLE Department (
  DepartmentId char(36) NOT NULL DEFAULT '' COMMENT 'Khóa chính',
  DepartmentName varchar(255) NOT NULL DEFAULT '' COMMENT 'Tên phòng ban',
  Description varchar(255) DEFAULT NULL COMMENT 'Mô tả phòng ban',
  CreatedDate datetime DEFAULT NULL COMMENT 'Ngày tạo phòng ban',
  CreatedBy varchar(255) DEFAULT NULL COMMENT 'Tạo bởi người',
  ModifiedDate datetime DEFAULT NULL COMMENT 'Thời gian cập nhật',
  ModifiedBy varchar(255) DEFAULT NULL COMMENT 'Người cập nhật',
  PRIMARY KEY (DepartmentId)
)
ENGINE = INNODB,
AVG_ROW_LENGTH = 3276,
CHARACTER SET utf8,
COLLATE utf8_general_ci,
COMMENT = 'Phòng ban';

--
-- Create view `View_AllDepartment`
--
CREATE
DEFINER = 'dev'@'%'
VIEW View_AllDepartment
AS
SELECT
  `d`.`DepartmentId` AS `DepartmentId`,
  `d`.`DepartmentName` AS `DepartmentName`,
  `d`.`Description` AS `Description`,
  `d`.`CreatedDate` AS `CreatedDate`,
  `d`.`CreatedBy` AS `CreatedBy`,
  `d`.`ModifiedDate` AS `ModifiedDate`,
  `d`.`ModifiedBy` AS `ModifiedBy`
FROM `Department` `d`;

--
-- Create table `Employee`
--
CREATE TABLE Employee (
  EmployeeId char(36) NOT NULL DEFAULT '' COMMENT 'Khóa chính nhân viên',
  EmployeeCode char(20) NOT NULL DEFAULT '' COMMENT 'Mã nhân viên',
  FullName varchar(100) NOT NULL DEFAULT '' COMMENT 'Họ tên nhân viên',
  DateOfBirth date DEFAULT NULL COMMENT 'Ngày sinh',
  Gender int(11) DEFAULT NULL COMMENT 'Giới tính { 0: Nữ, 1: Nam, 2: Khác, null: Không xác định}',
  IdentityNumber varchar(20) DEFAULT NULL COMMENT 'Số CMND',
  IdentityDate date DEFAULT NULL COMMENT 'Ngày cấp CMND',
  IdentityPlace varchar(255) DEFAULT NULL COMMENT 'Nơi cấp CMND',
  PositionName varchar(255) DEFAULT NULL COMMENT 'Tên vị trí chức vụ',
  MobilephoneNumber varchar(10) DEFAULT NULL COMMENT 'Số ĐT di động',
  Address varchar(255) DEFAULT NULL COMMENT 'Địa chỉ',
  TelephoneNumber varchar(15) DEFAULT NULL COMMENT 'Số ĐT cố định',
  Email varchar(100) DEFAULT NULL COMMENT 'Địa chỉ email',
  BankAccountNumber varchar(255) DEFAULT NULL COMMENT 'Số tài khoản ngân hàng',
  BankBranchName varchar(255) DEFAULT NULL COMMENT 'Chi nhánh ngân hàng',
  BankName varchar(255) DEFAULT NULL COMMENT 'Tên ngân hàng',
  IsSupplier tinyint(1) DEFAULT NULL COMMENT 'true: là khách hàng; false,null: không phải là khách hàng',
  IsCustomer tinyint(1) DEFAULT NULL COMMENT 'true: là nhà cung cấp; false,null: không phải là nhà cung cấp',
  DepartmentId char(36) NOT NULL DEFAULT '' COMMENT 'Mã phòng ban',
  CreatedDate datetime DEFAULT NULL COMMENT 'Thời gian tạo nhân viên',
  CreatedBy varchar(255) DEFAULT NULL COMMENT 'Người tạo nhân viên',
  ModifiedDate datetime DEFAULT NULL COMMENT 'Thời  gian sửa nhân viên',
  ModifiedBy varchar(255) DEFAULT NULL COMMENT 'Người cập nhật nhân viên',
  PRIMARY KEY (EmployeeId)
)
ENGINE = INNODB,
AVG_ROW_LENGTH = 546,
CHARACTER SET utf8,
COLLATE utf8_general_ci,
COMMENT = 'Nhân viên';

--
-- Create index `UK_Employee_EmployeeCode` on table `Employee`
--
ALTER TABLE Employee
ADD UNIQUE INDEX UK_Employee_EmployeeCode (EmployeeCode);

--
-- Create foreign key
--
ALTER TABLE Employee
ADD CONSTRAINT FK_Employee_DeparmentId FOREIGN KEY (DepartmentId)
REFERENCES Department (DepartmentId) ON DELETE NO ACTION;

--
-- Create view `View_AllEmployeeCode`
--
CREATE
DEFINER = 'dev'@'%'
VIEW View_AllEmployeeCode
AS
SELECT
  `e`.`EmployeeCode` AS `EmployeeCode`
FROM `Employee` `e`;

--
-- Create view `View_AllEmployee`
--
CREATE
DEFINER = 'dev'@'%'
VIEW View_AllEmployee
AS
SELECT
  `e`.`EmployeeId` AS `EmployeeId`,
  `e`.`EmployeeCode` AS `EmployeeCode`,
  `e`.`FullName` AS `FullName`,
  `e`.`DateOfBirth` AS `DateOfBirth`,
  `e`.`Gender` AS `Gender`,
  `e`.`IdentityNumber` AS `IdentityNumber`,
  `e`.`IdentityDate` AS `IdentityDate`,
  `e`.`IdentityPlace` AS `IdentityPlace`,
  `e`.`PositionName` AS `PositionName`,
  `e`.`MobilephoneNumber` AS `MobilephoneNumber`,
  `e`.`Address` AS `Address`,
  `e`.`TelephoneNumber` AS `TelephoneNumber`,
  `e`.`Email` AS `Email`,
  `e`.`BankAccountNumber` AS `BankAccountNumber`,
  `e`.`BankBranchName` AS `BankBranchName`,
  `e`.`BankName` AS `BankName`,
  `e`.`IsSupplier` AS `IsSupplier`,
  `e`.`IsCustomer` AS `IsCustomer`,
  `e`.`CreatedDate` AS `CreatedDate`,
  `e`.`CreatedBy` AS `CreatedBy`,
  `e`.`ModifiedDate` AS `ModifiedDate`,
  `e`.`ModifiedBy` AS `ModifiedBy`,
  `d`.`DepartmentId` AS `DepartmentId`,
  `d`.`DepartmentName` AS `DepartmentName`
FROM (`Employee` `e`
  LEFT JOIN `Department` `d`
    ON (`e`.`DepartmentId` = `d`.`DepartmentId`))
ORDER BY `e`.`ModifiedDate` DESC;

DELIMITER $$

--
-- Create procedure `Proc_GetEmployeePaging`
--
CREATE DEFINER = 'dev'@'%'
PROCEDURE Proc_GetEmployeePaging (IN m_SearchText varchar(255), IN m_PageIndex int, IN m_PageSize int, OUT m_TotalRecord int, OUT m_TotalPage int)
COMMENT 'Dùng để thực hiện phân trang đồng thời tìm kiếm'
BEGIN
  -- Lấy ra tổng số bản ghi ban đầu khi chưa thực hiện gì
  SET m_TotalRecord = (SELECT
      COUNT(*)
    FROM View_AllEmployee);

  -- Thực hiện gián giá trị bằng rỗng nếu từ khóa tìm kiếm bằng null
  IF (m_SearchText IS NULL) THEN
    SET m_SearchText = '';
  END IF;

  -- Nếu mà thứ tự trang không có giá trị hoặc nhỏ hơn 1, Số trang cũng null hoặc nhỏ hơn 1
  IF (m_PageIndex IS NULL
    OR m_PageIndex < 1
    OR m_PageSize IS NULL
    OR m_PageSize < 1) THEN
    SET m_TotalPage = 1; /*Tổng số trang lúc này chỉ là duy nhất*/
    SET m_PageIndex = 1;/*Thứ tự trang cũng là đầu tiên*/
    SET m_PageSize = m_TotalRecord;/*Kích thước trang lúc này bằng đúng tổng số bản ghi ban đầu*/
  END IF;

  CREATE TEMPORARY TABLE IF NOT EXISTS tbEmployee AS (/*Tạo bảng tạm có tên tbEmployee để thực hiện tìm kiếm */
    SELECT
      @row_num := @row_num + 1 AS SortIndex,
      vee.* /*Chèn thêm số thứ tự để thực hiện phân trang*/
    FROM View_AllEmployee vee,
         (SELECT
             @row_num := 0 AS num) AS c
    WHERE vee.FullName LIKE CONCAT('%', m_SearchText, '%')
    OR vee.EmployeeCode LIKE CONCAT('%', m_SearchText, '%'));

  SET @EndIndex = m_PageIndex * m_PageSize; /*Số thứ tự Kết thúc của trang*/
  SET @StartIndex = @EndIndex - m_PageSize + 1;/*Số thứ tự Bắt đầu của trang*/
  SELECT
    *
  FROM tbEmployee
  WHERE SortIndex BETWEEN @StartIndex AND @EndIndex;/*Thực hiện lấy ra số bản ghi phân trang*/

  -- Thiết lập Lại giá trị cho tổng số bản ghi
  SET m_TotalRecord = (SELECT
      COUNT(*)
    FROM tbEmployee);

  IF (m_PageSize > 0
    AND m_TotalRecord > 0) THEN /*Nếu tồn tại bản ghi thì*/
    SET @Surplus = m_TotalRecord % m_PageSize;/*Thực hiện tìm số dư*/
    IF (@Surplus > 0) THEN/*Nếu tồn tại số dư*/
      SET m_TotalPage = m_TotalRecord DIV m_PageSize + 1;/*Số trang + 1 */
    ELSE
      SET m_TotalPage = m_TotalRecord DIV m_PageSize;
    END IF;
  ELSE
    SET m_TotalPage = 1;/*Nếu không tồn tại bản ghi nào thì số trang = 1*/
  END IF;

  DROP TABLE tbEmployee;
END
$$

DELIMITER ;

--
-- Create table `PaymentTerm`
--
CREATE TABLE PaymentTerm (
  PaymentTermId char(36) NOT NULL DEFAULT '' COMMENT 'Id của điều khoản',
  PaymentTermCode char(20) NOT NULL DEFAULT '' COMMENT 'Mã điều khoản',
  PaymentTermName varchar(100) NOT NULL DEFAULT '' COMMENT 'Tên điều khoản',
  CreatedBy varchar(100) DEFAULT NULL COMMENT 'Người tạo',
  CreatedDate datetime DEFAULT NULL COMMENT 'Ngày tạo',
  ModifiedBy varchar(100) DEFAULT NULL COMMENT 'Người cập nhật',
  ModifiedDate datetime DEFAULT NULL COMMENT 'Ngày cập nhật',
  PRIMARY KEY (PaymentTermId)
)
ENGINE = INNODB,
AVG_ROW_LENGTH = 2730,
CHARACTER SET utf8,
COLLATE utf8_general_ci,
COMMENT = 'Điều khoản thanh toán';

--
-- Create view `View_AllPaymentTerm`
--
CREATE
DEFINER = 'dev'@'%'
VIEW View_AllPaymentTerm
AS
SELECT
  `pt`.`PaymentTermId` AS `PaymentTermId`,
  `pt`.`PaymentTermCode` AS `PaymentTermCode`,
  `pt`.`PaymentTermName` AS `PaymentTermName`,
  `pt`.`CreatedBy` AS `CreatedBy`,
  `pt`.`CreatedDate` AS `CreatedDate`,
  `pt`.`ModifiedBy` AS `ModifiedBy`,
  `pt`.`ModifiedDate` AS `ModifiedDate`
FROM `PaymentTerm` `pt`;

--
-- Create table `PayAccount`
--
CREATE TABLE PayAccount (
  PayAccountId char(36) NOT NULL DEFAULT '' COMMENT 'Id tài khoản công nợ',
  PayAccountCode char(20) NOT NULL DEFAULT '' COMMENT 'Mã tài khoản công nợ',
  PayAccountName varchar(100) NOT NULL DEFAULT '' COMMENT 'Tên tài khoản công nợ',
  CreatedBy varchar(100) DEFAULT NULL COMMENT 'Người tạo',
  CreatedDate datetime DEFAULT NULL COMMENT 'Ngày tạo',
  ModifiedBy varchar(100) DEFAULT NULL COMMENT 'Người cập nhật',
  ModifiedDate datetime DEFAULT NULL COMMENT 'Ngày cập nhật',
  PRIMARY KEY (PayAccountId)
)
ENGINE = INNODB,
AVG_ROW_LENGTH = 3276,
CHARACTER SET utf8,
COLLATE utf8_general_ci,
COMMENT = 'Tài khoản công nợ';

--
-- Create view `View_AllPayAccount`
--
CREATE
DEFINER = 'dev'@'%'
VIEW View_AllPayAccount
AS
SELECT
  `PayAccount`.`PayAccountId` AS `PayAccountId`,
  `PayAccount`.`PayAccountCode` AS `PayAccountCode`,
  `PayAccount`.`PayAccountName` AS `PayAccountName`,
  `PayAccount`.`CreatedBy` AS `CreatedBy`,
  `PayAccount`.`CreatedDate` AS `CreatedDate`,
  `PayAccount`.`ModifiedBy` AS `ModifiedBy`,
  `PayAccount`.`ModifiedDate` AS `ModifiedDate`
FROM `PayAccount`;

--
-- Create table `AccountObject`
--
CREATE TABLE AccountObject (
  AccountObjectId char(36) NOT NULL DEFAULT '' COMMENT 'Id nhà cung cấp',
  TaxCode varchar(50) DEFAULT NULL COMMENT 'Mã số thuế',
  AccountObjectCode char(20) NOT NULL DEFAULT '' COMMENT 'Mã nhà cung cấp',
  AccountObjectName varchar(255) NOT NULL DEFAULT '' COMMENT 'Tên nhà cung cấp',
  Phone varchar(50) DEFAULT NULL COMMENT 'Số điện thoại',
  Website varchar(255) DEFAULT NULL COMMENT 'Tên miền website',
  AccountObjectGroupListId longtext DEFAULT NULL COMMENT 'Danh sách nhóm nhà cung cấp',
  Address varchar(255) DEFAULT NULL COMMENT 'Địa chỉ',
  EmployeeId char(36) DEFAULT NULL COMMENT 'Id nhân viên',
  Prefix varchar(50) DEFAULT NULL COMMENT 'Xưng hô trong liên hệ',
  EinvoiceContactName varchar(100) DEFAULT NULL COMMENT 'Họ và tên người liên hệ',
  EinvoiceContactMobile varchar(50) DEFAULT NULL COMMENT 'Số điện thoại người liên hệ',
  EinvoiceContactEmail varchar(100) DEFAULT NULL COMMENT 'Email người liên hệ',
  LegalRepresentative varchar(100) DEFAULT NULL COMMENT 'Đại diện theo PL',
  PaymentTermId char(36) DEFAULT NULL COMMENT 'Id điều khoản',
  MaximizeDebtAmount decimal(10, 0) DEFAULT NULL COMMENT 'Nợ tối đa',
  DueTime int(11) DEFAULT NULL COMMENT 'Số ngày được nợ',
  AccountObjectBankAccount longtext DEFAULT NULL COMMENT 'Danh sách số tài khoản ngân hàng',
  AccountObjectShippingAddress longtext DEFAULT NULL COMMENT 'Danh sách địa chỉ',
  Country varchar(50) DEFAULT NULL COMMENT 'Đất nước',
  District varchar(50) DEFAULT NULL COMMENT 'Quận huyện',
  WardOrCommune varchar(50) DEFAULT NULL COMMENT 'Phường xã',
  ProvinceOrCity varchar(50) DEFAULT NULL COMMENT 'Thành phố',
  Description varchar(255) DEFAULT NULL COMMENT 'Ghi chú',
  CreatedBy varchar(100) DEFAULT NULL COMMENT 'Người tạo bản ghi',
  CreatedDate datetime DEFAULT NULL COMMENT 'Ngày tạo',
  ModifiedBy varchar(100) DEFAULT NULL COMMENT 'Người sửa',
  ModifiedDate datetime DEFAULT NULL COMMENT 'Ngày sửa',
  PayAccountId char(36) DEFAULT NULL COMMENT 'Mã tài khoản nợ công',
  PRIMARY KEY (AccountObjectId)
)
ENGINE = INNODB,
AVG_ROW_LENGTH = 692,
CHARACTER SET utf8,
COLLATE utf8_general_ci,
COMMENT = 'Nhà cung cấp';

--
-- Create index `UK_AccountObject_AccountObjectCode` on table `AccountObject`
--
ALTER TABLE AccountObject
ADD UNIQUE INDEX UK_AccountObject_AccountObjectCode (AccountObjectCode);

--
-- Create foreign key
--
ALTER TABLE AccountObject
ADD CONSTRAINT FK_AccountObject_EmployeeId FOREIGN KEY (EmployeeId)
REFERENCES Employee (EmployeeId) ON DELETE NO ACTION;

--
-- Create foreign key
--
ALTER TABLE AccountObject
ADD CONSTRAINT FK_AccountObject_PayAccountId FOREIGN KEY (PayAccountId)
REFERENCES PayAccount (PayAccountId) ON DELETE NO ACTION;

--
-- Create foreign key
--
ALTER TABLE AccountObject
ADD CONSTRAINT FK_AccountObject_PaymentTermId FOREIGN KEY (PaymentTermId)
REFERENCES PaymentTerm (PaymentTermId) ON DELETE NO ACTION;

--
-- Create view `View_ExportAccountObject`
--
CREATE
DEFINER = 'dev'@'%'
VIEW View_ExportAccountObject
AS
SELECT
  `a`.`TaxCode` AS `TaxCode`,
  `a`.`AccountObjectCode` AS `AccountObjectCode`,
  `a`.`AccountObjectName` AS `AccountObjectName`,
  `a`.`Phone` AS `Phone`,
  `a`.`Website` AS `Website`,
  `a`.`Address` AS `Address`,
  `a`.`Prefix` AS `Prefix`,
  `a`.`EinvoiceContactName` AS `EinvoiceContactName`,
  `a`.`EinvoiceContactMobile` AS `EinvoiceContactMobile`,
  `a`.`EinvoiceContactEmail` AS `EinvoiceContactEmail`,
  `a`.`LegalRepresentative` AS `LegalRepresentative`,
  `a`.`MaximizeDebtAmount` AS `MaximizeDebtAmount`,
  `a`.`DueTime` AS `DueTime`,
  `a`.`Country` AS `Country`,
  `a`.`District` AS `District`,
  `a`.`WardOrCommune` AS `WardOrCommune`,
  `a`.`ProvinceOrCity` AS `ProvinceOrCity`,
  `a`.`Description` AS `Description`,
  `pa`.`PayAccountCode` AS `PayAccountCode`,
  `pa`.`PayAccountName` AS `PayAccountName`,
  `pt`.`PaymentTermCode` AS `PaymentTermCode`,
  `pt`.`PaymentTermName` AS `PaymentTermName`,
  `e`.`EmployeeCode` AS `EmployeeCode`,
  `e`.`FullName` AS `FullName`
FROM (((`AccountObject` `a`
  LEFT JOIN `PayAccount` `pa`
    ON (`a`.`PayAccountId` = `pa`.`PayAccountId`))
  LEFT JOIN `PaymentTerm` `pt`
    ON (`a`.`PaymentTermId` = `pt`.`PaymentTermId`))
  LEFT JOIN `Employee` `e`
    ON (`a`.`EmployeeId` = `e`.`EmployeeId`))
ORDER BY `a`.`AccountObjectCode` DESC;

--
-- Create view `View_AllAccountObject`
--
CREATE
DEFINER = 'dev'@'%'
VIEW View_AllAccountObject
AS
SELECT
  `a`.`AccountObjectId` AS `AccountObjectId`,
  `a`.`TaxCode` AS `TaxCode`,
  `a`.`AccountObjectCode` AS `AccountObjectCode`,
  `a`.`AccountObjectName` AS `AccountObjectName`,
  `a`.`Phone` AS `Phone`,
  `a`.`Website` AS `Website`,
  `a`.`AccountObjectGroupListId` AS `AccountObjectGroupListId`,
  `a`.`Address` AS `Address`,
  `a`.`Prefix` AS `Prefix`,
  `a`.`EinvoiceContactName` AS `EinvoiceContactName`,
  `a`.`EinvoiceContactMobile` AS `EinvoiceContactMobile`,
  `a`.`EinvoiceContactEmail` AS `EinvoiceContactEmail`,
  `a`.`LegalRepresentative` AS `LegalRepresentative`,
  `a`.`MaximizeDebtAmount` AS `MaximizeDebtAmount`,
  `a`.`DueTime` AS `DueTime`,
  `a`.`AccountObjectBankAccount` AS `AccountObjectBankAccount`,
  `a`.`AccountObjectShippingAddress` AS `AccountObjectShippingAddress`,
  `a`.`Country` AS `Country`,
  `a`.`District` AS `District`,
  `a`.`WardOrCommune` AS `WardOrCommune`,
  `a`.`ProvinceOrCity` AS `ProvinceOrCity`,
  `a`.`Description` AS `Description`,
  `a`.`CreatedBy` AS `CreatedBy`,
  `a`.`CreatedDate` AS `CreatedDate`,
  `a`.`ModifiedBy` AS `ModifiedBy`,
  `a`.`ModifiedDate` AS `ModifiedDate`,
  `pa`.`PayAccountId` AS `PayAccountId`,
  `pa`.`PayAccountCode` AS `PayAccountCode`,
  `pa`.`PayAccountName` AS `PayAccountName`,
  `pt`.`PaymentTermId` AS `PaymentTermId`,
  `pt`.`PaymentTermCode` AS `PaymentTermCode`,
  `pt`.`PaymentTermName` AS `PaymentTermName`,
  `e`.`EmployeeId` AS `EmployeeId`,
  `e`.`EmployeeCode` AS `EmployeeCode`,
  `e`.`FullName` AS `FullName`
FROM (((`AccountObject` `a`
  LEFT JOIN `PayAccount` `pa`
    ON (`a`.`PayAccountId` = `pa`.`PayAccountId`))
  LEFT JOIN `PaymentTerm` `pt`
    ON (`a`.`PaymentTermId` = `pt`.`PaymentTermId`))
  LEFT JOIN `Employee` `e`
    ON (`a`.`EmployeeId` = `e`.`EmployeeId`))
ORDER BY `a`.`AccountObjectCode` DESC;

DELIMITER $$

--
-- Create procedure `Proc_GetAccountObjectPaging2`
--
CREATE DEFINER = 'dev'@'%'
PROCEDURE Proc_GetAccountObjectPaging2 (IN m_listText text, IN m_SearchText varchar(255), IN m_PageIndex int, IN m_PageSize int, OUT m_TotalRecord int, OUT m_TotalPage int)
BEGIN
  -- Lấy ra tổng số bản ghi ban đầu khi chưa thực hiện gì
  SET m_TotalRecord = (SELECT
      COUNT(*)
    FROM View_AllAccountObject);

  -- Thực hiện gián giá trị bằng rỗng nếu từ khóa tìm kiếm bằng null
  IF (m_SearchText IS NULL) THEN
    SET m_SearchText = '';
  END IF;

  -- Nếu mà thứ tự trang không có giá trị hoặc nhỏ hơn 1, Số trang cũng null hoặc nhỏ hơn 1
  IF (m_PageIndex IS NULL
    OR m_PageIndex < 1
    OR m_PageSize IS NULL
    OR m_PageSize < 1) THEN
    SET m_TotalPage = 1; /*Tổng số trang lúc này chỉ là duy nhất*/
    SET m_PageIndex = 1;/*Thứ tự trang cũng là đầu tiên*/
    SET m_PageSize = m_TotalRecord;/*Kích thước trang lúc này bằng đúng tổng số bản ghi ban đầu*/
  END IF;


  CREATE TEMPORARY TABLE IF NOT EXISTS tbAccountObject AS (/*Tạo bảng tạm để thực hiện tìm kiếm */
    SELECT
      @row_num := @row_num + 1 AS SortIndex,
      vee.* /*Chèn thêm số thứ tự để thực hiện phân trang*/
    FROM View_AllAccountObject vee,
         (SELECT
             @row_num := 0 AS num) AS c
    WHERE vee.AccountObjectCode LIKE CONCAT('%', m_SearchText, '%')
    OR vee.AccountObjectName LIKE CONCAT('%', m_SearchText, '%')
    OR vee.Address LIKE CONCAT('%', m_SearchText, '%')
    AND m_listText);

  SET @EndIndex = m_PageIndex * m_PageSize; /*Số thứ tự Kết thúc của trang*/
  SET @StartIndex = @EndIndex - m_PageSize + 1;/*Số thứ tự Bắt đầu của trang*/
  SELECT
    *
  FROM tbAccountObject
  WHERE SortIndex BETWEEN @StartIndex AND @EndIndex;/*Thực hiện lấy ra số bản ghi phân trang*/

  -- Thiết lập Lại giá trị cho tổng số bản ghi
  SET m_TotalRecord = (SELECT
      COUNT(*)
    FROM tbAccountObject);

  IF (m_PageSize > 0
    AND m_TotalRecord > 0) THEN /*Nếu tồn tại bản ghi thì*/
    SET @Surplus = m_TotalRecord % m_PageSize;/*Thực hiện tìm số dư*/
    IF (@Surplus > 0) THEN/*Nếu tồn tại số dư*/
      SET m_TotalPage = m_TotalRecord DIV m_PageSize + 1;/*Số trang + 1 */
    ELSE
      SET m_TotalPage = m_TotalRecord DIV m_PageSize;
    END IF;
  ELSE
    SET m_TotalPage = 1;/*Nếu không tồn tại bản ghi nào thì số trang = 1*/
  END IF;

  DROP TABLE tbAccountObject;
END
$$

--
-- Create procedure `Proc_GetAccountObjectPaging`
--
CREATE DEFINER = 'dev'@'%'
PROCEDURE Proc_GetAccountObjectPaging (IN m_SearchText varchar(255), IN m_PageIndex int, IN m_PageSize int, OUT m_TotalRecord int, OUT m_TotalPage int)
BEGIN
  -- Lấy ra tổng số bản ghi ban đầu khi chưa thực hiện gì
  SET m_TotalRecord = (SELECT
      COUNT(*)
    FROM View_AllAccountObject);

  -- Thực hiện gián giá trị bằng rỗng nếu từ khóa tìm kiếm bằng null
  IF (m_SearchText IS NULL) THEN
    SET m_SearchText = '';
  END IF;

  -- Nếu mà thứ tự trang không có giá trị hoặc nhỏ hơn 1, Số trang cũng null hoặc nhỏ hơn 1
  IF (m_PageIndex IS NULL
    OR m_PageIndex < 1
    OR m_PageSize IS NULL
    OR m_PageSize < 1) THEN
    SET m_TotalPage = 1; /*Tổng số trang lúc này chỉ là duy nhất*/
    SET m_PageIndex = 1;/*Thứ tự trang cũng là đầu tiên*/
    SET m_PageSize = m_TotalRecord;/*Kích thước trang lúc này bằng đúng tổng số bản ghi ban đầu*/
  END IF;

  CREATE TEMPORARY TABLE IF NOT EXISTS tbAccountObject AS (/*Tạo bảng tạm để thực hiện tìm kiếm */
    SELECT
      @row_num := @row_num + 1 AS SortIndex,
      vee.* /*Chèn thêm số thứ tự để thực hiện phân trang*/
    FROM View_AllAccountObject vee,
         (SELECT
             @row_num := 0 AS num) AS c
    WHERE vee.AccountObjectCode LIKE CONCAT('%', m_SearchText, '%')
    OR vee.AccountObjectName LIKE CONCAT('%', m_SearchText, '%')
    OR vee.Address LIKE CONCAT('%', m_SearchText, '%'));

  SET @EndIndex = m_PageIndex * m_PageSize; /*Số thứ tự Kết thúc của trang*/
  SET @StartIndex = @EndIndex - m_PageSize + 1;/*Số thứ tự Bắt đầu của trang*/
  SELECT
    *
  FROM tbAccountObject
  WHERE SortIndex BETWEEN @StartIndex AND @EndIndex;/*Thực hiện lấy ra số bản ghi phân trang*/

  -- Thiết lập Lại giá trị cho tổng số bản ghi
  SET m_TotalRecord = (SELECT
      COUNT(*)
    FROM tbAccountObject);

  IF (m_PageSize > 0
    AND m_TotalRecord > 0) THEN /*Nếu tồn tại bản ghi thì*/
    SET @Surplus = m_TotalRecord % m_PageSize;/*Thực hiện tìm số dư*/
    IF (@Surplus > 0) THEN/*Nếu tồn tại số dư*/
      SET m_TotalPage = m_TotalRecord DIV m_PageSize + 1;/*Số trang + 1 */
    ELSE
      SET m_TotalPage = m_TotalRecord DIV m_PageSize;
    END IF;
  ELSE
    SET m_TotalPage = 1;/*Nếu không tồn tại bản ghi nào thì số trang = 1*/
  END IF;

  DROP TABLE tbAccountObject;
END
$$

DELIMITER ;

--
-- Create table `CaPayment`
--
CREATE TABLE CaPayment (
  CaPaymentId char(36) NOT NULL COMMENT 'Id phiếu chi',
  CaPaymentNo varchar(50) DEFAULT NULL COMMENT 'Số phiếu chi',
  AccountObjectId char(36) DEFAULT NULL COMMENT 'Id của nhà cung cấp',
  Receiver varchar(255) DEFAULT NULL COMMENT 'Người nhận',
  Address varchar(255) DEFAULT NULL COMMENT 'Địa chỉ',
  Resion varchar(255) DEFAULT NULL COMMENT 'Lý do',
  EmployeeId char(36) DEFAULT NULL COMMENT 'Id của nhân viên',
  CaPaymentDate datetime DEFAULT NULL COMMENT 'Ngày phiếu chi',
  PostedDate datetime DEFAULT NULL COMMENT 'Ngày hạch toán',
  TotalAmount float DEFAULT NULL,
  File varchar(255) DEFAULT NULL,
  CreatedBy varchar(255) DEFAULT NULL,
  CreatedDate datetime DEFAULT NULL,
  ModifiedDate datetime DEFAULT NULL,
  ModifiedBy varchar(255) DEFAULT NULL,
  AttachNumber int(11) DEFAULT NULL,
  PRIMARY KEY (CaPaymentId)
)
ENGINE = INNODB,
AVG_ROW_LENGTH = 420,
CHARACTER SET utf8,
COLLATE utf8_general_ci,
COMMENT = 'Phiếu chi';

--
-- Create index `UK_CaPayment_CaPaymentNo` on table `CaPayment`
--
ALTER TABLE CaPayment
ADD UNIQUE INDEX UK_CaPayment_CaPaymentNo (CaPaymentNo);

--
-- Create foreign key
--
ALTER TABLE CaPayment
ADD CONSTRAINT FK_CaPayment_AccountObject_AccountObjectId FOREIGN KEY (AccountObjectId)
REFERENCES AccountObject (AccountObjectId) ON DELETE NO ACTION ON UPDATE NO ACTION;

--
-- Create foreign key
--
ALTER TABLE CaPayment
ADD CONSTRAINT FK_CaPayment_EmployeeId FOREIGN KEY (EmployeeId)
REFERENCES Employee (EmployeeId) ON DELETE NO ACTION;

--
-- Create view `View_ExportEmployee`
--
CREATE
DEFINER = 'dev'@'%'
VIEW View_ExportEmployee
AS
SELECT
  CAST(`a`.`CaPaymentDate` AS date) AS `CaPaymentDate`,
  CAST(`a`.`PostedDate` AS date) AS `PostedDate`,
  `a`.`CaPaymentNo` AS `CaPaymentNo`,
  `a`.`Resion` AS `Resion`,
  FORMAT(`a`.`TotalAmount`, 2) AS `TotalAmount`,
  `pa`.`AccountObjectCode` AS `AccountObjectCode`,
  `pa`.`AccountObjectName` AS `AccountObjectName`
FROM (`CaPayment` `a`
  LEFT JOIN `AccountObject` `pa`
    ON (`a`.`AccountObjectId` = `pa`.`AccountObjectId`))
ORDER BY `a`.`CaPaymentNo` DESC;

--
-- Create view `View_ExportCaPayment`
--
CREATE
DEFINER = 'dev'@'%'
VIEW View_ExportCaPayment
AS
SELECT
  CAST(`a`.`CaPaymentDate` AS date) AS `CaPaymentDate`,
  CAST(`a`.`PostedDate` AS date) AS `PostedDate`,
  `a`.`CaPaymentNo` AS `CaPaymentNo`,
  `a`.`Resion` AS `Resion`,
  FORMAT(`a`.`TotalAmount`, 2) AS `TotalAmount`,
  `pa`.`AccountObjectCode` AS `AccountObjectCode`,
  `pa`.`AccountObjectName` AS `AccountObjectName`
FROM (`CaPayment` `a`
  LEFT JOIN `AccountObject` `pa`
    ON (`a`.`AccountObjectId` = `pa`.`AccountObjectId`))
ORDER BY `a`.`CaPaymentNo` DESC;

--
-- Create view `View_AllCaPayment`
--
CREATE
DEFINER = 'dev'@'%'
VIEW View_AllCaPayment
AS
SELECT
  `a`.`CaPaymentId` AS `CaPaymentId`,
  `a`.`CaPaymentNo` AS `CaPaymentNo`,
  `a`.`AccountObjectId` AS `AccountObjectId`,
  `a`.`Receiver` AS `Receiver`,
  `a`.`AttachNumber` AS `AttachNumber`,
  `a`.`Address` AS `Address`,
  `a`.`Resion` AS `Resion`,
  `a`.`EmployeeId` AS `EmployeeId`,
  `a`.`CaPaymentDate` AS `CaPaymentDate`,
  `a`.`PostedDate` AS `PostedDate`,
  `a`.`TotalAmount` AS `TotalAmount`,
  `pa`.`AccountObjectCode` AS `AccountObjectCode`,
  `pa`.`AccountObjectName` AS `AccountObjectName`,
  `e`.`FullName` AS `FullName`
FROM ((`CaPayment` `a`
  LEFT JOIN `AccountObject` `pa`
    ON (`a`.`AccountObjectId` = `pa`.`AccountObjectId`))
  LEFT JOIN `Employee` `e`
    ON (`a`.`EmployeeId` = `e`.`EmployeeId`))
ORDER BY `a`.`CaPaymentNo` DESC;

DELIMITER $$

--
-- Create procedure `Proc_GetCaPaymentPaging`
--
CREATE DEFINER = 'dev'@'%'
PROCEDURE Proc_GetCaPaymentPaging (IN m_SearchText varchar(255), IN m_PageIndex int, IN m_PageSize int, OUT m_TotalRecord int, OUT m_TotalPage int)
BEGIN
  -- Lấy ra tổng số bản ghi ban đầu khi chưa thực hiện gì
  SET m_TotalRecord = (SELECT
      COUNT(*)
    FROM View_AllCaPayment vacp);

  -- Thực hiện gián giá trị bằng rỗng nếu từ khóa tìm kiếm bằng null
  IF (m_SearchText IS NULL) THEN
    SET m_SearchText = '';
  END IF;

  -- Nếu mà thứ tự trang không có giá trị hoặc nhỏ hơn 1, Số trang cũng null hoặc nhỏ hơn 1
  IF (m_PageIndex IS NULL
    OR m_PageIndex < 1
    OR m_PageSize IS NULL
    OR m_PageSize < 1) THEN
    SET m_TotalPage = 1; /*Tổng số trang lúc này chỉ là duy nhất*/
    SET m_PageIndex = 1;/*Thứ tự trang cũng là đầu tiên*/
    SET m_PageSize = m_TotalRecord;/*Kích thước trang lúc này bằng đúng tổng số bản ghi ban đầu*/
  END IF;

  CREATE TEMPORARY TABLE IF NOT EXISTS tbCaPayment AS (/*Tạo bảng tạm để thực hiện tìm kiếm */
    SELECT
      @row_num := @row_num + 1 AS SortIndex,
      vee.* /*Chèn thêm số thứ tự để thực hiện phân trang*/
    FROM View_AllCaPayment vee,
         (SELECT
             @row_num := 0 AS num) AS c
    WHERE vee.CaPaymentNo LIKE CONCAT('%', m_SearchText, '%')
    OR vee.CaPaymentDate LIKE CONCAT('%', m_SearchText, '%')
    OR vee.AccountObjectName LIKE CONCAT('%', m_SearchText, '%')
    OR vee.Resion LIKE CONCAT('%', m_SearchText, '%')
    OR vee.PostedDate LIKE CONCAT('%', m_SearchText, '%')
    OR vee.TotalAmount LIKE CONCAT('%', m_SearchText, '%')
    OR vee.Address LIKE CONCAT('%', m_SearchText, '%'));

  SET @EndIndex = m_PageIndex * m_PageSize; /*Số thứ tự Kết thúc của trang*/
  SET @StartIndex = @EndIndex - m_PageSize + 1;/*Số thứ tự Bắt đầu của trang*/
  SELECT
    *
  FROM tbCaPayment
  WHERE SortIndex BETWEEN @StartIndex AND @EndIndex;/*Thực hiện lấy ra số bản ghi phân trang*/

  -- Thiết lập Lại giá trị cho tổng số bản ghi
  SET m_TotalRecord = (SELECT
      COUNT(*)
    FROM tbCaPayment);

  IF (m_PageSize > 0
    AND m_TotalRecord > 0) THEN /*Nếu tồn tại bản ghi thì*/
    SET @Surplus = m_TotalRecord % m_PageSize;/*Thực hiện tìm số dư*/
    IF (@Surplus > 0) THEN/*Nếu tồn tại số dư*/
      SET m_TotalPage = m_TotalRecord DIV m_PageSize + 1;/*Số trang + 1 */
    ELSE
      SET m_TotalPage = m_TotalRecord DIV m_PageSize;
    END IF;
  ELSE
    SET m_TotalPage = 1;/*Nếu không tồn tại bản ghi nào thì số trang = 1*/
  END IF;

  DROP TABLE tbCaPayment;
END
$$

DELIMITER ;

--
-- Create table `CaPaymentDetail`
--
CREATE TABLE CaPaymentDetail (
  CaPaymentDetailId char(36) NOT NULL DEFAULT '' COMMENT 'Id chi tiết phiếu thu',
  CaPaymentId char(36) DEFAULT NULL COMMENT 'Id phiếu chi',
  DecriptionDetail varchar(255) DEFAULT NULL COMMENT 'Diễn giả',
  DebitAccountId varchar(36) DEFAULT NULL COMMENT 'Id tài khoản nợ',
  CreditAccountId varchar(36) DEFAULT NULL COMMENT 'Id tài khoản có',
  Amount decimal(8, 2) DEFAULT NULL COMMENT 'Số tiền',
  CreatedDate datetime DEFAULT NULL COMMENT 'Ngày tạo',
  CreatedBy varchar(255) DEFAULT NULL COMMENT 'Người tạo',
  ModifiedBy varchar(255) DEFAULT NULL COMMENT 'Người cập nhật',
  ModifiedDate datetime DEFAULT NULL COMMENT 'Ngày cập nhật',
  AccountObjectId char(36) DEFAULT NULL COMMENT 'Id nhà cung cấp',
  PRIMARY KEY (CaPaymentDetailId)
)
ENGINE = INNODB,
AVG_ROW_LENGTH = 420,
CHARACTER SET utf8,
COLLATE utf8_general_ci,
COMMENT = 'Chi tiết phiếu chi';

--
-- Create foreign key
--
ALTER TABLE CaPaymentDetail
ADD CONSTRAINT FK_CaPaymentDetail_CaPayment_AccountObjectId FOREIGN KEY (AccountObjectId)
REFERENCES AccountObject (AccountObjectId) ON DELETE NO ACTION ON UPDATE NO ACTION;

--
-- Create foreign key
--
ALTER TABLE CaPaymentDetail
ADD CONSTRAINT FK_CaPaymentDetail_CaPayment_CaPaymentId FOREIGN KEY (CaPaymentId)
REFERENCES CaPayment (CaPaymentId) ON DELETE NO ACTION ON UPDATE NO ACTION;

--
-- Create view `View_AllCaPaymentDetail`
--
CREATE
DEFINER = 'dev'@'%'
VIEW View_AllCaPaymentDetail
AS
SELECT
  `a`.`CaPaymentDetailId` AS `CaPaymentDetailId`,
  `a`.`CaPaymentId` AS `CaPaymentId`,
  `a`.`DecriptionDetail` AS `DecriptionDetail`,
  `a`.`DebitAccountId` AS `DebitAccountId`,
  `a`.`CreditAccountId` AS `CreditAccountId`,
  `a`.`Amount` AS `Amount`,
  `pa`.`AccountObjectId` AS `AccountObjectId`,
  `pa`.`AccountObjectCode` AS `AccountObjectCode`,
  `pa`.`AccountObjectName` AS `AccountObjectName`
FROM (`CaPaymentDetail` `a`
  LEFT JOIN `AccountObject` `pa`
    ON (`a`.`AccountObjectId` = `pa`.`AccountObjectId`));

--
-- Create table `AccountObjectGroup`
--
CREATE TABLE AccountObjectGroup (
  AccountObjectGroupId char(36) NOT NULL DEFAULT '' COMMENT 'Id của nhóm nhà cung cấp',
  AccountObjectGroupCode varchar(20) NOT NULL DEFAULT '' COMMENT 'Mã của nhóm nhà cung cấp',
  AccountObjectGroupName varchar(255) NOT NULL DEFAULT '' COMMENT 'Tên của nhóm nhà cung cấp',
  CreatedDate datetime DEFAULT NULL COMMENT 'Ngày tạo',
  CreatedBy varchar(255) DEFAULT NULL COMMENT 'Người tạo',
  ModifiedDate datetime DEFAULT NULL COMMENT 'Thời gian cập nhật',
  ModifiedBy varchar(255) DEFAULT NULL COMMENT 'Người cập nhật',
  PRIMARY KEY (AccountObjectGroupId)
)
ENGINE = INNODB,
AVG_ROW_LENGTH = 4096,
CHARACTER SET utf8,
COLLATE utf8_general_ci,
COMMENT = 'Nhóm nhà cung cấp';

--
-- Create view `View_AllAccountObjectGroup`
--
CREATE
DEFINER = 'dev'@'%'
VIEW View_AllAccountObjectGroup
AS
SELECT
  `AccountObjectGroup`.`AccountObjectGroupId` AS `AccountObjectGroupId`,
  `AccountObjectGroup`.`AccountObjectGroupCode` AS `AccountObjectGroupCode`,
  `AccountObjectGroup`.`AccountObjectGroupName` AS `AccountObjectGroupName`,
  `AccountObjectGroup`.`CreatedDate` AS `CreatedDate`,
  `AccountObjectGroup`.`CreatedBy` AS `CreatedBy`,
  `AccountObjectGroup`.`ModifiedDate` AS `ModifiedDate`,
  `AccountObjectGroup`.`ModifiedBy` AS `ModifiedBy`
FROM `AccountObjectGroup`;

-- 
-- Dumping data for table Department
--
INSERT INTO Department VALUES
('11452b0c-768e-5ff7-0d63-eeb1d8ed8cef', 'Phòng Maketing', '', '1982-07-29 10:02:05', 'Nguyễn Hồ Trang', '1989-03-10 18:44:16', 'Nguyễn Văn Tuấn'),
('142cb08f-7c31-21fa-8e90-67245e8b283e', 'Phòng nghiên cứu', '', '1970-01-01 00:07:13', 'Vũ Văn Anh', '1970-01-01 00:00:04', 'Nguyễn Tiến Huy'),
('17120d02-6ab5-3e43-18cb-66948daf6128', 'Phòng Đào tạo', '', '2018-01-31 13:32:13', 'Vũ Phương Nhung', '2016-11-07 14:52:57', 'Lý Thảo Anh'),
('469b3ece-744a-45d5-957d-e8c757976496', 'Phòng Kế toán', '', '1994-01-21 23:37:31', 'Vũ Thị Hương', '1976-06-09 21:55:42', 'Huỳnh Trí Khoa'),
('4e272fc4-7875-78d6-7d32-6a1673ffca7c', 'Phòng Nhân sự', '', '1985-07-29 01:20:08', 'Phạm Thành Tài', '1970-01-01 00:00:08', 'Lý Văn Thành');

-- 
-- Dumping data for table PaymentTerm
--
INSERT INTO PaymentTerm VALUES
('2181e1b4-3cf9-2495-bbec-c0283040ad25', 'ĐK116', 'Một số phương thức khác', 'Lenita Francisco', '1981-09-23 13:29:27', 'Roosevelt Lloyd', '2009-07-03 15:12:04'),
('26a546dc-51ef-474e-ec75-f433c80be791', 'ĐK113', 'Chuyển tiền bằng điện tín', 'Adolfo Engle', '1970-01-01 00:00:07', 'Jeromy Vanburen', '1974-12-02 12:24:20'),
('2a951a0f-259c-2832-7dcc-ee92bf437a3f', 'ĐK111', 'Phương thức tín dụng chứng từ', 'Deeanna Abreu', '1970-08-25 02:31:41', 'Abdul Franz', '1970-01-01 00:00:01'),
('359963d8-1e69-5220-7ecc-ee92bf437a3f', 'ĐK115', 'Phương thức tín dụng chứng từ', 'Sharika Acker', '1981-11-09 19:17:49', 'Charline Berman', '1993-06-18 14:36:53'),
('49b5613c-112f-5d16-636f-d59c8dd9bef2', 'ĐK112', 'Phương thức thanh toán nhờ thu', 'Logan Acevedo', '1975-09-27 20:17:25', 'Dana Bethea', '1973-04-10 22:48:42'),
('60b82625-3612-24de-9617-6d44a4db1359', 'ĐK114', 'Chuyển tiền bằng điện tín', 'Marlene Krieger', '1996-03-23 05:47:30', 'Adan May', '2017-05-14 19:06:57');

-- 
-- Dumping data for table PayAccount
--
INSERT INTO PayAccount VALUES
('30d41e52-5e66-72bc-6c1c-b47866e0b131', '1135', 'Tài khoản công nợ 1', 'Antoine Banks', '1970-01-01 00:00:55', 'Ayanna Darling', '2000-09-08 13:06:17'),
('548dce5f-5f29-4617-725d-e2ec561b0f41', '4111', 'Tài khoản công nợ 4', 'Chaya Mccaffrey', '1999-01-11 20:03:06', 'Alonzo Aragon', '1970-01-01 00:00:47'),
('589edf01-198a-4ff5-958e-fb52fd75a1d4', '4234', 'Tài khoản công nợ 3', 'Aundrea Cahill', '1979-12-26 11:18:07', 'Corinne Dugas', '1976-08-23 15:23:50'),
('5bd71cda-209f-2ade-54d1-35c781481818', '5434', 'Tài khoản công nợ 2', 'Earle Caudill', '2015-03-09 19:18:28', 'Adela Alba', '1970-01-01 00:05:20'),
('68daa090-552d-1bc6-e8e4-8adc5263917a', '4555', 'Tài khoản công nợ 5', 'Zulema Ingram', '1991-02-10 01:02:41', 'Waldo Knudsen', '1970-01-01 00:01:34');

-- 
-- Dumping data for table Employee
--
INSERT INTO Employee VALUES
('11a8748f-3464-740c-28c2-579daad24557', 'NV-0017', 'Trần Phạm Nhân', '1961-12-10', 0, '030300913473', '1979-12-11', 'Nghệ An', 'Nhân viên', '0342709504', 'Nam Định', '02838391739', 'Trieu61950@gmail.com', '1010378738027', 'Nam Định', ' Xây dựng (CB)', 0, 0, '4e272fc4-7875-78d6-7d32-6a1673ffca7c', '2020-11-08 00:00:01', 'Trần Thảo Yến', '2021-10-17 10:45:28', 'Nguyễn Thảo Yến'),
('12e1b096-3542-127a-1077-d9ebc53aac3d', 'NV-0021', 'Nguyễn Ngọc Linh', '1958-01-06', 0, '030300966680', '2019-02-06', 'Sơn La', 'Kế toán', '0993853263', 'Quảng Ngãi', '02543052323', 'Phuong261@gmail.com', '1010956341291', 'Quảng Ngãi', ' Việt Nam Thương Tín (Vietbank)', 0, 0, '469b3ece-744a-45d5-957d-e8c757976496', '2020-10-04 00:00:01', 'Phạm Thùy Hương', '2021-10-10 15:31:53', 'Vũ Minh Hiếu'),
('13ede5b6-19dd-563e-1980-de64d090a2c2', 'NV-0015', 'Nguyễn Yến Anh', '1990-07-07', 2, '030300290976', '1971-01-18', 'Bắc Kạn', 'Kế toán', '0342040107', 'Bắc Giang', '02517404584', 'Tue669@gmail.com', '1010134885118', 'Bắc Giang', ' Việt Á (VietABank)', 0, 0, '4e272fc4-7875-78d6-7d32-6a1673ffca7c', '2020-07-23 00:00:01', 'Trần Văn Huy', '2021-11-23 15:18:13', 'Bùi Văn Hưng'),
('197fda97-5a35-781d-0e77-d9ebc53aac3d', 'NV-0005', 'Trần Ngọc Nhi', '1998-02-27', 1, '030300530474', '1984-04-01', 'Hà Giang', 'Nhân viên', '0355254228', 'TP Hồ Chí Minh', '02950814355', 'Thu355@gmail.com', '1010373072796', 'TP Hồ Chí Minh', ' HSBC Việt Nam (HSBC)', 1, 1, '17120d02-6ab5-3e43-18cb-66948daf6128', '2020-10-16 00:00:01', 'Nguyễn Phạm Huy', '2022-01-11 14:49:03', 'Nguyễn Bảo Hưng'),
('1e5e96fa-5d7a-599d-27c2-579daad24557', 'NV-0008', 'Nguyễn Bảo Tuấn', '1967-11-30', 2, '030300945678', '1994-02-12', 'Bắc Giang', 'Kế toán', '0952239809', 'Điện Biên', '02773036592', 'Thieu2362@gmail.com', '1010726840132', 'Điện Biên', ' Bản Việt (Viet Capital Bank)', 1, 0, '469b3ece-744a-45d5-957d-e8c757976496', '2020-06-27 00:00:01', 'Nguyễn Hồng Khánh', '2021-10-10 01:53:18', 'Nguyễn Văn Hiếu'),
('1f85f165-3ed3-370a-b7d2-89b22d10517e', 'NV-0028', 'Nguyễn Mạnh Hoàng', '1957-01-12', 1, '030300512614', '1972-03-06', NULL, 'Nhân viên', NULL, 'Tuyên Quang', '02944818897', 'Duy472@gmail.com', '1010732393203', 'Tuyên Quang', ' Hong Leong Việt Nam (HLBVN)', 1, 0, '469b3ece-744a-45d5-957d-e8c757976496', '2020-09-14 00:00:01', NULL, '2021-11-20 14:39:03', NULL),
('2356a2d8-7751-6f97-66f6-423b4e874d0f', 'NV-0026', 'Nguyễn Phúc Vinh', '2001-05-18', 1, '030300358180', '1976-05-09', 'An Giang', 'Nhân viên', '0874004624', 'Vĩnh Phúc', '02364941563', 'Mi1887@gmail.com', '1010551261873', 'Vĩnh Phúc', ' Bắc Á (Bac A Bank)', 0, 1, '142cb08f-7c31-21fa-8e90-67245e8b283e', '2020-09-17 00:00:01', 'Nguyễn Bảo Huy', '2021-12-14 01:20:37', 'Trần Trần Hiếu'),
('28cd1599-63bf-785f-4f80-7ed9d1ea06ea', 'NV-0006', 'Vũ Nhật Thùy', '1962-03-06', 0, '030300635930', '2002-12-12', 'Cao Bằng', 'Nhân viên', '0802933371', 'Bình Định', '02774618280', 'Tinh843@gmail.com', '1010083374572', 'Bình Định', ' Dầu khí toàn cầu  (GPBank)', 1, 0, '4e272fc4-7875-78d6-7d32-6a1673ffca7c', '2021-01-18 00:00:01', 'Trần Thị Anh', '2021-10-10 00:56:12', 'Đỗ Bảo Hiếu'),
('3304dddb-1b72-607f-25c2-579daad24557', 'NV-0000', 'Lê Thế Hưng', '1980-01-16', 1, '030300547499', '1984-05-11', 'Hải Dương', 'Nhân viên', '0947392495', 'Cao Bằng', '02227549424', 'Phuoc163@misa.com', '1010571128319', 'Cao Bằng', ' Bản Việt (Viet Capital Bank)', 1, 0, '17120d02-6ab5-3e43-18cb-66948daf6128', '2020-07-10 00:00:01', 'Trần Đặng Anh', '2021-12-18 09:35:32', 'Nguyễn Văn Hưng'),
('36ac2df8-2b1e-368f-cc1d-086412a8ea97', 'NV-0009', 'Vũ Văn Phong', '1972-09-28', 2, '030300397292', '2006-06-24', 'Quảng Bình', 'Nhân viên', '0302738660', 'Hải Phòng', '02901436668', 'Tue41206@gmail.com', '1010442176783', 'Hải Phòng', ' Woori Việt Nam (Woori)', 1, 0, '11452b0c-768e-5ff7-0d63-eeb1d8ed8cef', '2020-07-09 00:00:01', 'Vũ Thụy Trinh', '2021-10-10 00:00:09', 'Vũ Thị Anh'),
('407db4d1-222b-287d-0135-60b3ebf808a9', 'NV-0020', 'Vũ Mỹ Vân', '1984-06-13', 1, '030300589637', '2008-04-11', 'Lào Cai', 'Kế toán', NULL, 'Hà Nội', '02047106294', 'Ban32331@gmail.com', '1010026678052', 'Hà Nội', ' Indovina (IVB)', 1, 1, '4e272fc4-7875-78d6-7d32-6a1673ffca7c', '2020-08-11 00:00:01', 'Nguyễn Anh Hoa', '2021-12-31 18:30:13', 'Nguyễn Thị Nga'),
('409dcd1a-426a-23f7-3a35-0028ed526dd0', 'NV-0011', 'Trần Gia Thư', '1982-02-22', 1, '030300983000', '2017-03-22', 'Nam Định', 'Kế toán', '0344775110', 'Hà Nội', '02152552217', 'Khue1364@haui.com', '1010849671224', 'Hà Nội', ' Á Châu (ACB)', 0, 0, '17120d02-6ab5-3e43-18cb-66948daf6128', '2020-08-09 00:00:01', 'Nguyễn Xuân Tuấn', '2021-10-10 00:02:06', 'Trần Văn Hưng'),
('4989ff24-23e7-7b82-b6d2-89b22d10517e', 'NV-0022', 'Nguyễn Thị Thúy', '1965-11-20', 1, '030300097133', '2011-06-27', 'TP Hồ Chí Minh', 'Nhân viên', '0322587427', 'Bắc Giang', '02550170068', 'Dao382@gmail.com', '1010500269637', 'Bắc Giang', ' Public Bank Việt Nam (PBVN)', 1, 0, '142cb08f-7c31-21fa-8e90-67245e8b283e', '2020-12-06 00:00:01', 'Lý Thảo Dung', '2022-01-10 02:23:09', 'Trần Mỹ Như'),
('506acf1e-5331-67a9-0d77-d9ebc53aac3d', 'NV-0002', 'Huỳnh Văn Khang', '1965-01-14', 0, '030300383999', '1983-01-15', 'Tuyên Quang', 'Nhân viên', '0304297408', 'Gia Lai', '02272672420', 'Duyen27562@misa.com', '1010811427274', 'Gia Lai', ' Kiên Long (Kienlongbank)', 0, 0, '142cb08f-7c31-21fa-8e90-67245e8b283e', '2020-05-13 00:00:01', 'Bùi Bảo Huy', '2021-10-10 00:05:15', 'Nguyễn Huỳnh Anh'),
('524751f2-1577-523d-ce1d-086412a8ea97', 'NV-0019', 'Nguyễn Thị Nga', '1991-10-04', 0, '030300296902', '2018-02-25', 'Khánh Hòa', 'Kế toán', '0929724088', 'Bắc Kạn', '02436569346', 'Tham530@gmail.com', '1010461720067', 'Bắc Kạn', ' Bưu điện Liên Việt (LienVietPostBank)', 1, 0, '4e272fc4-7875-78d6-7d32-6a1673ffca7c', '2020-06-26 00:00:01', 'Nguyễn Như Linh', '2021-10-18 12:59:46', 'Nguyễn Văn Anh'),
('5254e49d-4368-3162-29c2-579daad24557', 'NV-0027', 'Vũ Gia Hiếu', '1979-11-02', 2, '030300372220', '2015-03-01', 'Cao Bằng', 'Nhân viên', '0361844969', 'TP Hồ Chí Minh', '02279939412', 'Tinh37178@gmail.com', '1010440514429', 'TP Hồ Chí Minh', ' UOB Việt Nam (UOB)', 0, 1, '469b3ece-744a-45d5-957d-e8c757976496', '2020-12-10 00:00:01', 'Bùi Đức Tuấn', '2021-11-03 12:47:39', 'Vũ Thảo Linh'),
('56dce332-76f0-6b9b-5080-7ed9d1ea06ea', 'NV-0016', 'Dương Phan Thành', '2001-09-19', 0, '030300630123', '2005-09-23', 'Điện Biên', 'Nhân viên', '0932685804', 'Long An', '02928038012', 'Thao399@gmail.com', '1010669351614', 'Long An', ' UOB Việt Nam (UOB)', 1, 0, '142cb08f-7c31-21fa-8e90-67245e8b283e', '2020-12-10 00:00:01', 'Nguyễn Thị Anh', '2021-12-19 15:27:05', 'Bùi Thị Thúy'),
('57cdf8c4-47e3-5560-7e41-c1ec321fe728', 'NV-0001', 'Hoàng Thị Linh', '1986-08-14', 1, '030300469685', '2006-08-26', 'Phú Thọ', 'Nhân viên', '0399522451', 'Quảng Ngãi', '02804739033', 'Ty20030@gmail.com', '1010782738115', 'Quảng Ngãi', ' Đông Á (DongA Bank)', 0, 0, '11452b0c-768e-5ff7-0d63-eeb1d8ed8cef', '2020-06-07 00:00:01', 'Bùi Tuyết Linh', '2022-01-26 12:51:16', 'Trần Thị Hà'),
('5c7f0ec4-77f2-3794-cf1d-086412a8ea97', 'NV-0023', 'Lý Văn Hưng', '1954-05-17', 1, '030300232677', '1972-05-17', 'Hà Nội', 'Kế toán', '0988230997', 'Trà Vinh', '02615156387', 'Nhan17491@gmail.com', '1010883770620', 'Trà Vinh', ' Sài Gòn – Hà Nội (SHB)', 1, 0, '469b3ece-744a-45d5-957d-e8c757976496', '2020-07-29 00:00:01', 'Nguyễn Thị Anh', '2021-10-30 18:56:46', 'Phạm Minh Linh'),
('5de704c2-573f-1a71-1a80-de64d090a2c2', 'NV-0024', 'Nguyễn Quốc Tuấn', '1952-01-07', NULL, '030300530367', '1970-01-07', NULL, 'Thư ký', '0394701671', 'Hà Nội', '02471822057', 'Ly63441@gmail.com', '1010588225176', 'Hà Nội', ' CIMB Việt Nam (CIMB)', 0, 1, '4e272fc4-7875-78d6-7d32-6a1673ffca7c', '2020-12-11 00:00:01', 'Bùi Bảo Huy', '2021-11-18 00:08:56', NULL),
('5fab4ff7-1b8e-64d0-1880-de64d090a2c2', 'NV-0007', 'Trần Thảo Anh', '1956-04-10', 1, '030300174657', '1982-04-01', 'Hà Nội', 'Nhân viên', '0947662638', 'Bà Rịa Vũng Tàu', '02114515692', 'Thu86437@gmail.com', '1010922393879', 'Bà Rịa Vũng Tàu', ' Quân Đội (MB)', 0, 0, '17120d02-6ab5-3e43-18cb-66948daf6128', '2020-09-25 00:00:01', 'Nguyễn Văn Phong', '2021-11-21 05:30:52', 'Phạm Hồ Thư'),
('62af2231-78a7-7caa-cd1d-086412a8ea97', 'NV-0014', 'Bùi Văn Vinh', '1967-11-16', 2, '030300194929', '2011-08-27', 'Trà Vinh', 'Nhân viên', '0349464453', 'TP Hồ Chí Minh', '02341401648', 'Mau574@misa.com', '1010474317825', 'TP Hồ Chí Minh', ' Bảo Việt  (BAOVIET Bank)', 1, 0, '17120d02-6ab5-3e43-18cb-66948daf6128', '2020-07-09 00:00:01', 'Phạm Văn Huy', '2021-12-18 06:24:06', 'Nguyễn Trần Hạnh'),
('677132b4-2a33-68d1-26c2-579daad24557', 'NV-0004', 'Nguyễn Phạm Thùy', '1994-02-05', 0, '030300815572', '1980-03-24', 'Thái Nguyên', 'Nhân viên', '0342014134', 'Lạng Sơn', '02930672425', 'Tu72456@gmail.com', '1010906762531', 'Lạng Sơn', ' Đại Dương (OceanBank)', 0, 1, '17120d02-6ab5-3e43-18cb-66948daf6128', '2020-08-21 00:00:01', 'Vũ Văn Nguyên', '2021-11-27 06:16:47', 'Phạm Hoài Hiếu'),
('6a763a51-4322-5c5a-b5d2-89b22d10517e', 'NV-0018', 'Vũ Anh Huy', '1970-10-03', 2, '030300878028', '2018-05-28', 'Vĩnh Phúc', 'Nhân viên', '0841995658', 'Phú Yên', '02508760619', 'Khue307@gmail.com', '1010524381772', 'Phú Yên', ' Xuất Nhập Khẩu (Eximbank)', 0, 0, '4e272fc4-7875-78d6-7d32-6a1673ffca7c', '2020-10-07 00:00:01', 'Nguyễn Thảo Thùy', '2021-10-20 06:48:38', 'Phạm Phan Thùy'),
('6b550b8f-7ff9-51bc-0f77-d9ebc53aac3d', 'NV-0012', 'Nguyễn Thụy Như', '1967-09-12', 2, '030300424746', '1990-10-25', 'TP Hồ Chí Minh', 'Kế toán', '0889516869', 'Cần Thơ', '02531413624', 'Song71626@gmail.com', '1010791686593', 'Cần Thơ', ' Công thương Việt Nam (VietinBank)', 0, 1, '142cb08f-7c31-21fa-8e90-67245e8b283e', '2020-05-15 00:00:01', 'Nguyễn Thái Khang', '2021-10-15 11:41:21', 'Lê Văn Khoa'),
('6c5b9fe7-14c9-3bb5-b4d2-89b22d10517e', 'NV-0013', 'Đỗ Thị Hạnh', '1958-09-07', 2, '030300743731', '2005-04-26', 'Thái Bình', 'Nhân viên', '0951344930', 'TP Hồ Chí Minh', '02973419262', 'Dang24398@gmail.com', '1010242909929', 'TP Hồ Chí Minh', ' Tiên Phong (TPBank)', 1, 0, '469b3ece-744a-45d5-957d-e8c757976496', '2020-07-23 00:00:01', NULL, '2021-10-10 00:49:10', 'Vũ Thảo Anh'),
('6c80a684-1cb5-41af-ff34-60b3ebf808a9', 'NV-0003', 'Vũ Văn Hưng', '1992-04-27', 0, '030300614367', '1998-01-21', 'Hưng Yên', 'Kế toán', '0875406976', 'Tiền Giang', '02820804447', 'Nhan54984@gmail.com', '1010503858956', 'Tiền Giang', ' Quốc dân (NCB)', 1, 0, '4e272fc4-7875-78d6-7d32-6a1673ffca7c', '2021-01-23 00:00:01', 'Trần Thành Phát', '2021-11-28 01:29:58', 'Nguyễn Thảo Nhung'),
('73dc79e1-1ccb-35a6-0235-60b3ebf808a9', 'NV-0025', 'Huỳnh Hồng Tiến', '2001-10-10', 1, '030300772474', '1987-05-22', 'Đắk Lắk', 'Nhân viên', '0392982753', 'Trà Vinh', '02391152395', 'Thien12550@gmail.com', '1010095164183', 'Trà Vinh', ' Quốc Tế  (VIB)', 1, 1, '142cb08f-7c31-21fa-8e90-67245e8b283e', '2020-08-22 00:00:01', 'Vũ Văn Hoàng', '2022-01-09 21:33:43', 'Võ Thảo Uyên'),
('7ad34860-1ac8-7ad7-d01d-086412a8ea97', 'NV-0029', 'Trần Văn Hiếu', '1952-01-12', 2, '030300260430', '1970-01-12', NULL, 'Nhân viên', NULL, 'Quảng Bình', '02664256357', 'Mien4146@gmail.com', '1010242668807', 'Quảng Bình', ' Việt Á (VietABank)', 1, 1, '469b3ece-744a-45d5-957d-e8c757976496', '2020-05-13 00:00:01', NULL, '2021-11-02 22:39:50', NULL),
('7bd9cf39-3f55-3a7b-0035-60b3ebf808a9', 'NV-0010', 'Trần Thảo Nga', '1952-01-07', 2, '030300695997', '1970-01-07', 'Bắc Kạn', 'Thư ký', '0808007346', 'Ninh Bình', '02666856233', 'xanh46985@haui.com', '1010696302925', 'Ninh Bình', ' Nam Á (Nam A Bank)', 1, 1, '4e272fc4-7875-78d6-7d32-6a1673ffca7c', '2020-05-20 00:00:01', 'Trần Anh Hoàng', '2021-12-09 11:46:41', 'Phạm Văn Tiến');

-- 
-- Dumping data for table AccountObject
--
INSERT INTO AccountObject VALUES
('11452b0c-768e-5ff7-0d63-eeb1d8ed8cef', '143571', 'NCC00004', 'Công ty MKUGN', '0336302541', 'http://minh1331.vn', 'NCC-112,NCC-113', 'Thừa Thiên Huế', '4989ff24-23e7-7b82-b6d2-89b22d10517e', 'Ông', 'Nguyễn Hồ Trang', '0875946171', 'Anh778@gmail.com', 'Nguyễn Văn Tuấn', '60b82625-3612-24de-9617-6d44a4db1359', 20, 11, 'owpk8399@example.com', NULL, 'Việt Nam', NULL, NULL, 'Thừa Thiên Huế', '', 'Adolph Francisco', '2007-05-21 20:18:55', 'Jason Blackmon', '1986-11-08 03:05:24', '548dce5f-5f29-4617-725d-e2ec561b0f41'),
('1152da18-24d8-65b6-0380-e8e2a817c80e', '107547', 'NCC00049', 'Công ty KJHUM', '0329500933', 'http://minh1692.edu', '', 'Nam Định', '6a763a51-4322-5c5a-b5d2-89b22d10517e', 'Ông', 'Trần Thế Huy', '0334551308', 'Tuy206@gmail.com', 'Đỗ Thị Phương', '359963d8-1e69-5220-7ecc-ee92bf437a3f', 50, 14, 'BernardoBarkley1@example.com', NULL, 'Việt Nam', NULL, NULL, 'Nam Định', '', 'Shonda Leake', '2005-09-21 09:43:48', 'Marylin Bankston', '1970-01-01 00:05:07', '5bd71cda-209f-2ade-54d1-35c781481818'),
('11f7089b-33e6-371a-f817-7000f455f3d5', '183315', 'NCC00021', 'Công ty DRNAL', '0347351171', 'http://ngoc3282.com', '', 'Long An', '1f85f165-3ed3-370a-b7d2-89b22d10517e', 'Bà', 'Nguyễn Thế Hoàng', '0817926108', 'Song22945@gmail.com', 'Phạm Văn Hoàng', '49b5613c-112f-5d16-636f-d59c8dd9bef2', 17, 80, 'Adan_Stafford@nowhere.com', NULL, 'Việt Nam', NULL, NULL, 'Long An', '', 'Delcie Abney', '1973-12-04 23:45:59', 'Corinna Bratton', '1970-01-01 02:09:09', '5bd71cda-209f-2ade-54d1-35c781481818'),
('142cb08f-7c31-21fa-8e90-67245e8b283e', '155986', 'NCC00000', 'Công ty MVOXN', '0395601922', 'http://ngoc5955.com', 'NCC-112,NCC-113', 'An Giang', '1e5e96fa-5d7a-599d-27c2-579daad24557', 'Ông', 'Vũ Văn Anh', '0331755304', 'Vanh04612@gmail.com', 'Nguyễn Tiến Huy', '2181e1b4-3cf9-2495-bbec-c0283040ad25', 88, 79, 'Adam.Acker24@example.com', NULL, 'Việt Nam', NULL, NULL, 'An Giang', '', 'Letha Bolt', '1970-01-01 00:07:13', 'Abraham Acevedo', '1970-01-01 00:00:04', '548dce5f-5f29-4617-725d-e2ec561b0f41'),
('14c0ce35-1687-459c-1acb-66948daf6128', '170684', 'NCC00032', 'Công ty KQAZJ', '0843377579', 'http://lan4697.vn', 'NCC-112,NCC-113', 'Hòa Bình', '62af2231-78a7-7caa-cd1d-086412a8ea97', 'Bà', 'Vũ Thị Phương', '0341846922', 'Lam51039@gmail.com', 'Vũ Bảo Bảo', '2181e1b4-3cf9-2495-bbec-c0283040ad25', 94, 31, 'enqvjfmk.cofgkn@nowhere.com', NULL, 'Việt Nam', NULL, NULL, 'Hòa Bình', '', 'Melia Gates', '1970-01-01 00:01:38', 'Dong Alarcon', '2009-04-16 01:11:50', '589edf01-198a-4ff5-958e-fb52fd75a1d4'),
('17120d02-6ab5-3e43-18cb-66948daf6128', '127623', 'NCC00003', 'Công ty IUMMC', '0885979808', 'http://lan3337.edu', 'NCC-111,NCC-113', 'Ninh Bình', '409dcd1a-426a-23f7-3a35-0028ed526dd0', 'Ông', 'Vũ Phương Nhung', '0937357757', 'Nga798@gmail.com', 'Lý Thảo Anh', '359963d8-1e69-5220-7ecc-ee92bf437a3f', 56, 20, 'kkhx3854@example.com', NULL, 'Việt Nam', NULL, NULL, 'Ninh Bình', '', 'Miyoko Mckinney', '1999-03-08 13:32:34', 'Hong Beaudoin', '2018-03-12 12:55:48', '589edf01-198a-4ff5-958e-fb52fd75a1d4'),
('179d5bc0-2405-67f7-9590-67245e8b283e', '128850', 'NCC00052', 'Công ty YOSET', '0318948993', 'http://ngoc5358.vn', '', 'Phú Thọ', '407db4d1-222b-287d-0135-60b3ebf808a9', 'Bà', 'Nguyễn Đình Nam', '0319299327', 'Ly166@gmail.com', 'Trần Ngọc Hoàng', '359963d8-1e69-5220-7ecc-ee92bf437a3f', 29, 29, 'Spann93@example.com', NULL, 'Việt Nam', NULL, NULL, 'Phú Thọ', '', 'Alphonso Meeks', '2017-11-23 22:08:26', 'Dimple Alba', '1984-04-24 17:16:19', '68daa090-552d-1bc6-e8e4-8adc5263917a'),
('1b336f56-7ee3-7ceb-1ccb-66948daf6128', '154668', 'NCC00056', 'Công ty JJEND', '0371170316', 'http://ngoc7384.com', 'NCC-111,NCC-113', 'Vĩnh Long', '5de704c2-573f-1a71-1a80-de64d090a2c2', 'Bà', 'Lý Phương Linh', '0390313338', 'Van6529@misa.com', 'Phan Phan Hoàng', '26a546dc-51ef-474e-ec75-f433c80be791', 33, 15, 'AndrusZ@example.com', NULL, 'Việt Nam', NULL, NULL, 'Vĩnh Long', '', 'Alejandro Espinal', '1970-01-01 00:04:31', 'Glory Hammond', '1970-01-01 00:00:18', '30d41e52-5e66-72bc-6c1c-b47866e0b131'),
('1ded3dd7-32db-5bc9-9190-67245e8b283e', '157693', 'NCC00019', 'Công ty YWSKM', '0974266355', 'http://tri2836.vn', 'NCC-111,NCC-113', 'Tuyên Quang', '197fda97-5a35-781d-0e77-d9ebc53aac3d', 'Bà', 'Vũ Thảo Trang', '0985565339', 'Trinh9890@gmail.com', 'Phạm Thị Yến', '26a546dc-51ef-474e-ec75-f433c80be791', 85, 13, 'GiannaJenkins@example.com', NULL, 'Việt Nam', NULL, NULL, 'Tuyên Quang', '', 'Winnifred Brantley', '1997-03-20 09:03:51', 'Grant Ackerman', '2000-11-15 19:41:57', '589edf01-198a-4ff5-958e-fb52fd75a1d4'),
('1e5a953f-1c88-5769-addb-e5d54223c257', '165434', 'NCC00050', 'Công ty SJUOD', '0373212509', 'http://ngoc8719.edu', '', 'Thái Nguyên', '4989ff24-23e7-7b82-b6d2-89b22d10517e', 'Bà', 'Phạm Thanh Hưng', '0344273521', 'An9129@misa.com', 'Trần Thị Nga', '2181e1b4-3cf9-2495-bbec-c0283040ad25', 40, 58, 'AnalisaThomas1@nowhere.com', NULL, 'Việt Nam', NULL, NULL, 'Thái Nguyên', '', 'Hubert Waldrop', '2007-09-17 02:26:04', 'Raphael Ahern', '2000-06-18 14:43:32', '5bd71cda-209f-2ade-54d1-35c781481818'),
('1f22399e-14b4-5c2b-8132-6a1673ffca7c', '185820', 'NCC00030', 'Công ty SKUXZ', '0948106505', 'http://tri6272.edu', '', 'Bình Thuận', '4989ff24-23e7-7b82-b6d2-89b22d10517e', 'Ông', 'Phạm Văn Hoàng', '0392126968', 'Ty210@gmail.com', 'Đỗ Thảo Anh', '2a951a0f-259c-2832-7dcc-ee92bf437a3f', 77, 14, 'Frankie_Grossman@nowhere.com', NULL, 'Việt Nam', NULL, NULL, 'Bình Thuận', '', 'Curtis Hutson', '2021-12-12 21:45:37', 'Lianne Aquino', '1972-01-26 20:49:10', '68daa090-552d-1bc6-e8e4-8adc5263917a'),
('1f74cd3f-6de4-5324-0180-e8e2a817c80e', '164386', 'NCC00012', 'Công ty LJJXA', '0373159681', 'http://ngoc8874.edu', '', 'Bắc Ninh', '1f85f165-3ed3-370a-b7d2-89b22d10517e', 'Ông', 'Lý Thị Anh', '0921789007', 'Au4512@gmail.com', 'Hoàng Tiến Hưng', '60b82625-3612-24de-9617-6d44a4db1359', 39, 57, 'PeggieScott@example.com', NULL, 'Việt Nam', NULL, NULL, 'Bắc Ninh', '', 'Burton Bunnell', '1970-01-01 00:00:05', 'Isreal Dougherty', '1970-01-01 00:56:40', '30d41e52-5e66-72bc-6c1c-b47866e0b131'),
('1f8d7e46-1d1e-335f-79dd-867949feb8b5', '128433', 'NCC00045', 'Công ty IXSCL', '0347676775', 'http://tri9277.vn', 'NCC-114,NCC-113', 'Hà Tĩnh', '6c5b9fe7-14c9-3bb5-b4d2-89b22d10517e', 'Ông', 'Lý Văn Huy', '0875528146', 'Tuy358@haui.com', 'Phạm Thế Nguyên', '60b82625-3612-24de-9617-6d44a4db1359', 48, 84, 'Kareem.Ratliff@example.com', NULL, 'Việt Nam', NULL, NULL, 'Hà Tĩnh', '', 'Malcolm Coward', '2006-02-07 19:52:29', 'Abe Addison', '1979-03-13 04:33:14', '589edf01-198a-4ff5-958e-fb52fd75a1d4'),
('205a3e0a-13fe-3557-8232-6a1673ffca7c', NULL, 'NCC00041', 'Công ty BDDEG', NULL, 'http://lan2186.vn', 'NCC-114,NCC-113', NULL, '6a763a51-4322-5c5a-b5d2-89b22d10517e', 'Ông', NULL, '0367813851', NULL, 'Nguyễn Thảo Yến', '60b82625-3612-24de-9617-6d44a4db1359', NULL, NULL, NULL, NULL, NULL, NULL, NULL, NULL, '', NULL, NULL, 'Laurence Deloach', '1978-12-07 05:53:41', '5bd71cda-209f-2ade-54d1-35c781481818'),
('20d0b9f3-3e65-1639-9d7d-e8c757976496', '105198', 'NCC00064', 'Công ty ZOMUE', '0808009162', 'http://minh6118.com', '', 'Sơn La', '7bd9cf39-3f55-3a7b-0035-60b3ebf808a9', 'Bà', 'Nguyễn Thảo Nga', '0814473231', 'Nga229@gmail.com', 'Phạm Quốc Hiếu', '359963d8-1e69-5220-7ecc-ee92bf437a3f', 67, 40, 'Felton99@nowhere.com', NULL, 'Việt Nam', NULL, NULL, 'Sơn La', '', 'Adan Pulido', '1970-01-01 00:13:11', 'Darell Mireles', '2017-07-11 20:12:14', '5bd71cda-209f-2ade-54d1-35c781481818'),
('24629593-3d34-32fd-997d-e8c757976496', '189761', 'NCC00029', 'Công ty VTTSH', '0339871780', 'http://tri9296.edu', 'NCC-114,NCC-113', 'Thừa Thiên Huế', NULL, 'Ông', 'Trần Thị Hạnh', '0364433548', 'Vanh903@gmail.com', 'Nguyễn Văn Huy', '60b82625-3612-24de-9617-6d44a4db1359', 56, 65, 'Anastacia.OPruitt48@example.com', NULL, 'Việt Nam', NULL, NULL, 'Thừa Thiên Huế', '', 'Elli Robertson', '1970-01-01 00:01:28', 'Juan Whitten', '1975-08-13 00:52:13', '5bd71cda-209f-2ade-54d1-35c781481818'),
('247986de-4165-651a-9490-67245e8b283e', '104370', 'NCC00047', 'Công ty GAIPN', '0889319916', 'http://minh2394.com', 'NCC-112,NCC-113', 'Sơn La', '73dc79e1-1ccb-35a6-0235-60b3ebf808a9', 'Ông', 'Lê Thúy Anh', '0849518188', 'Thuong10636@gmail.com', 'Nguyễn Thảo Anh', '2181e1b4-3cf9-2495-bbec-c0283040ad25', 28, 82, 'DrewTravis253@example.com', NULL, 'Việt Nam', NULL, NULL, 'Sơn La', '', 'Lizzie Krueger', '2017-04-03 00:17:52', 'Sanford Dyson', '1984-01-18 21:23:20', '30d41e52-5e66-72bc-6c1c-b47866e0b131'),
('284ccb05-337b-7e6f-9090-67245e8b283e', '170443', 'NCC00017', 'Công ty HIKPI', '0362778440', 'http://ngoc5838.vn', 'NCC-111,NCC-113', 'Điện Biên', '13ede5b6-19dd-563e-1980-de64d090a2c2', 'Bà', 'Huỳnh Bảo Trí', '0928072939', 'Thong11558@gmail.com', 'Phạm Bảo Thiện', '49b5613c-112f-5d16-636f-d59c8dd9bef2', 89, 44, 'Rosario_Dejesus7@example.com', NULL, 'Việt Nam', NULL, NULL, 'Điện Biên', '', 'Ariel Hermann', '2000-11-25 16:10:40', 'Deandre Ortiz', '1970-01-01 00:00:25', '589edf01-198a-4ff5-958e-fb52fd75a1d4'),
('2b850d3d-6722-3f01-1bcb-66948daf6128', '145561', 'NCC00043', 'Công ty JLOXK', '0859062394', 'http://ngoc9142.vn', '', 'Bắc Kạn', '57cdf8c4-47e3-5560-7e41-c1ec321fe728', 'Ông', 'Nguyễn Vĩnh Huy', '0811269219', 'Hoan6074@gmail.com', 'Vũ Vũ Nghĩa', '26a546dc-51ef-474e-ec75-f433c80be791', 61, 70, 'LucioDolan@example.com', NULL, 'Việt Nam', NULL, NULL, 'Bắc Kạn', '', 'Tamica Goins', '1979-06-08 03:58:09', 'Abraham Berryman', '1970-01-01 00:00:13', '68daa090-552d-1bc6-e8e4-8adc5263917a'),
('2bbbd485-6df2-536a-7e32-6a1673ffca7c', '118744', 'NCC00009', 'Công ty YGUNU', '0368026176', 'http://tri3741.edu', 'NCC-114,NCC-113', 'Đồng Nai', '73dc79e1-1ccb-35a6-0235-60b3ebf808a9', 'Ông', 'Đỗ Thị Trang', '0861595389', 'Huyen37653@gmail.com', 'Phạm Thảo Thư', '60b82625-3612-24de-9617-6d44a4db1359', 22, 49, 'MargaritoAnthony@example.com', NULL, 'Việt Nam', NULL, NULL, 'Đồng Nai', '', 'Denisha Mcginnis', '1970-01-01 00:01:04', 'Peggy Charlton', '2008-11-07 16:42:35', '68daa090-552d-1bc6-e8e4-8adc5263917a'),
('2bf413d3-7a2c-217a-78dd-867949feb8b5', '129947', 'NCC00035', 'Công ty MFKZH', '0951983032', 'http://ngoc5811.edu', 'NCC-112,NCC-113', 'Nam Định', '7ad34860-1ac8-7ad7-d01d-086412a8ea97', 'Ông', 'Lý Lê Hoa', '0963357338', 'Di1830@gmail.com', 'Nguyễn Thị Linh', '26a546dc-51ef-474e-ec75-f433c80be791', 46, 28, 'MinervaSeay@nowhere.com', NULL, 'Việt Nam', NULL, NULL, 'Nam Định', '', 'Cordelia Key', '1982-03-15 22:29:45', 'Adah Acker', '1997-04-30 05:22:24', '30d41e52-5e66-72bc-6c1c-b47866e0b131'),
('2dcedb9c-6c32-7d27-977d-e8c757976496', '197237', 'NCC00016', 'Công ty AWMRB', '0330285820', 'http://tri7912.vn', 'NCC-111,NCC-113', 'Lâm Đồng', '36ac2df8-2b1e-368f-cc1d-086412a8ea97', 'Bà', 'Dương Hà Huyền', '0821481150', 'Hang700@gmail.com', 'Trần Thế Nghĩa', '60b82625-3612-24de-9617-6d44a4db1359', 12, 84, 'Rau71@nowhere.com', NULL, 'Việt Nam', NULL, NULL, 'Lâm Đồng', '', 'Laura Barger', '2016-10-22 00:30:46', 'Adelaida Laporte', '1978-04-05 10:24:51', '30d41e52-5e66-72bc-6c1c-b47866e0b131'),
('2de001fe-529b-33ad-0280-e8e2a817c80e', '185612', 'NCC00038', 'Công ty WTUUB', '0966826333', 'http://lan8481.com', 'NCC-114,NCC-113', 'Quảng Bình', '5c7f0ec4-77f2-3794-cf1d-086412a8ea97', 'Ông', 'Lý Thảo Linh', '0387071260', 'Tra04383@gmail.com', 'Huỳnh Thế Hưng', '26a546dc-51ef-474e-ec75-f433c80be791', 44, 53, 'Luigi.Duvall448@example.com', NULL, 'Việt Nam', NULL, NULL, 'Quảng Bình', '', 'Oliva Coble', '1984-12-12 03:10:41', 'Molly Bobo', '1971-04-18 17:08:52', '589edf01-198a-4ff5-958e-fb52fd75a1d4'),
('2fb0b105-7808-503a-76dd-867949feb8b5', NULL, 'NCC00026', 'Công ty CJVXW', NULL, 'http://ngoc8694.vn', 'NCC-112,NCC-113', NULL, NULL, 'Ông', NULL, '0381980622', NULL, 'Trần Thế Huy', '359963d8-1e69-5220-7ecc-ee92bf437a3f', NULL, NULL, 'JoaquinWilbanks@example.com', NULL, NULL, NULL, NULL, NULL, '', NULL, NULL, 'Arthur Beane', '1987-12-10 06:59:28', '30d41e52-5e66-72bc-6c1c-b47866e0b131'),
('30c8ee28-58a3-22f2-5e92-08c864661f9c', NULL, 'NCC00031', 'Công ty JMYMO', NULL, 'http://minh2795.com', 'NCC-114,NCC-113', NULL, '524751f2-1577-523d-ce1d-086412a8ea97', 'Ông', NULL, '0380989741', NULL, 'Lý Văn Khoa', '2181e1b4-3cf9-2495-bbec-c0283040ad25', NULL, NULL, 'Muriel_QMilliken5@example.com', NULL, NULL, NULL, NULL, NULL, '', NULL, NULL, 'Zula Apodaca', '1970-01-01 00:00:04', '68daa090-552d-1bc6-e8e4-8adc5263917a'),
('34cde64f-62e4-186c-77dd-867949feb8b5', '181216', 'NCC00033', 'Công ty ACBNE', '0910109459', 'http://tri4923.com', 'NCC-114,NCC-113', 'Bà Rịa Vũng Tàu', '197fda97-5a35-781d-0e77-d9ebc53aac3d', 'Ông', 'Hồ Trần Giang', '0887031533', 'Huyen5193@gmail.com', 'Nguyễn Hữu Phú', '60b82625-3612-24de-9617-6d44a4db1359', 97, 25, 'Villalobos7@example.com', NULL, 'Việt Nam', NULL, NULL, 'Bà Rịa Vũng Tàu', '', 'Marc Pickering', '1991-07-27 22:56:46', 'Scott Rich', '1970-01-01 00:16:31', '68daa090-552d-1bc6-e8e4-8adc5263917a'),
('3599ef50-13ed-5404-0e63-eeb1d8ed8cef', '122987', 'NCC00027', 'Công ty UUIMR', '0924747621', 'http://tri9881.edu', '', 'Tiền Giang', '1e5e96fa-5d7a-599d-27c2-579daad24557', 'Bà', 'Bùi Văn Tuấn', '0898979355', 'Van296@gmail.com', 'Nguyễn Thị Anh', '2181e1b4-3cf9-2495-bbec-c0283040ad25', 38, 47, 'Mary.N_Kunkel572@example.com', NULL, 'Việt Nam', NULL, NULL, 'Tiền Giang', '', 'Lilla Perez', '2020-07-04 19:31:22', 'Alease Montoya', '1974-10-26 07:49:28', '5bd71cda-209f-2ade-54d1-35c781481818'),
('3ab17eb8-4928-4275-8332-6a1673ffca7c', '117806', 'NCC00055', 'Công ty SKCKN', '0984620830', 'http://lan1118.vn', 'NCC-111,NCC-113', 'Quảng Bình', '36ac2df8-2b1e-368f-cc1d-086412a8ea97', 'Cô', 'Nguyễn Quốc Tuấn', '0964101497', 'Hiep766@gmail.com', 'Phạm Thị Hạnh', '2a951a0f-259c-2832-7dcc-ee92bf437a3f', 85, 58, 'ArdellaPrince5@example.com', NULL, 'Việt Nam', NULL, NULL, 'Quảng Bình', '', 'Derrick Ruiz', '2012-12-13 20:32:08', 'Marianne Terry', '1971-05-27 00:08:39', '68daa090-552d-1bc6-e8e4-8adc5263917a'),
('3ef08d53-5bf3-1e97-9790-67245e8b283e', '165584', 'NCC00069', 'Công ty QVLID', '0911602142', 'http://lan5211.com', 'NCC-111,NCC-113', 'Hà Giang', '4989ff24-23e7-7b82-b6d2-89b22d10517e', 'Ông', 'Bùi Thiên Dũng', NULL, 'Nuong490@gmail.com', NULL, '49b5613c-112f-5d16-636f-d59c8dd9bef2', 73, 19, NULL, NULL, 'Việt Nam', NULL, NULL, 'Hà Giang', '', 'Ronnie Roby', '2015-12-28 02:38:00', NULL, NULL, '589edf01-198a-4ff5-958e-fb52fd75a1d4'),
('3f66f2d6-688b-4161-5f92-08c864661f9c', '135480', 'NCC00034', 'Công ty TRPGZ', '0306329407', 'http://minh3311.com', 'NCC-111,NCC-113', 'Hà Nội', '3304dddb-1b72-607f-25c2-579daad24557', 'Ông', 'Phạm Nguyễn Hoàng', '0332691509', 'Tranh75136@gmail.com', 'Nguyễn Trần Trinh', '359963d8-1e69-5220-7ecc-ee92bf437a3f', 28, 37, 'GertudePlace@nowhere.com', NULL, 'Việt Nam', NULL, NULL, 'Hà Nội', '', 'Alida Jobe', '2020-01-02 00:08:51', 'Rubi Hobbs', '1990-07-12 10:04:20', '548dce5f-5f29-4617-725d-e2ec561b0f41'),
('404fe340-1fd3-414b-aadb-e5d54223c257', '112664', 'NCC00020', 'Công ty YMHYN', '0922185612', 'http://lan5427.edu', 'NCC-114,NCC-113', 'Tuyên Quang', '6c5b9fe7-14c9-3bb5-b4d2-89b22d10517e', 'Bà', 'Nguyễn Trần Linh', '0990345095', 'Khuyen381@gmail.com', 'Phạm Hoàng Phát', '49b5613c-112f-5d16-636f-d59c8dd9bef2', 23, 41, 'Crooks@nowhere.com', NULL, 'Việt Nam', NULL, NULL, 'Tuyên Quang', '', 'Gayle Baugh', '1970-01-01 00:01:23', 'Alene Ambrose', '1970-01-01 00:57:34', '589edf01-198a-4ff5-958e-fb52fd75a1d4'),
('439cdac8-4380-1e2d-0f63-eeb1d8ed8cef', NULL, 'NCC00051', 'Công ty EISKQ', NULL, 'http://ngoc3768.com', 'NCC-114,NCC-113', NULL, '57cdf8c4-47e3-5560-7e41-c1ec321fe728', 'Ông', NULL, '0876362113', NULL, 'Trần Thị Hà', '49b5613c-112f-5d16-636f-d59c8dd9bef2', NULL, NULL, 'Violeta_Tribble832@example.com', NULL, NULL, NULL, NULL, NULL, '', NULL, NULL, 'Bianca Emery', '1970-01-01 00:07:20', '68daa090-552d-1bc6-e8e4-8adc5263917a'),
('4577565a-7e3e-493a-74dd-867949feb8b5', '135299', 'NCC00006', 'Công ty DFSMH', '0364386641', 'http://ngoc9213.edu', '', 'Hải Phòng', '3304dddb-1b72-607f-25c2-579daad24557', 'Ông', 'Nguyễn Hoàng Hưng', '0944738484', 'Mien966@gmail.com', 'Vũ Minh Hoa', '49b5613c-112f-5d16-636f-d59c8dd9bef2', 99, 72, 'Gee@nowhere.com', NULL, 'Việt Nam', NULL, NULL, 'Hải Phòng', '', 'Felix Alba', '1976-12-14 07:59:24', 'Tiny Card', '2017-11-20 02:32:45', '589edf01-198a-4ff5-958e-fb52fd75a1d4'),
('469b3ece-744a-45d5-957d-e8c757976496', '177099', 'NCC00001', 'Công ty IMXOB', '0373302955', 'http://ngoc5458.com', '', 'Đắk Nông', '5c7f0ec4-77f2-3794-cf1d-086412a8ea97', 'Ông', 'Vũ Thị Hương', '0386376163', 'Nu302@misa.com', 'Huỳnh Trí Khoa', '2a951a0f-259c-2832-7dcc-ee92bf437a3f', 20, 29, 'byiswceo_myqdc@example.com', NULL, 'Việt Nam', NULL, NULL, 'Đắk Nông', '', 'Vanita Kelleher', '2017-11-16 09:43:15', 'Retta Lord', '1998-10-25 13:42:34', '68daa090-552d-1bc6-e8e4-8adc5263917a'),
('46f514e3-3598-177c-6192-08c864661f9c', '115742', 'NCC00046', 'Công ty MPSQO', '0365410957', 'http://lan1354.vn', 'NCC-114,NCC-113', 'Bắc Giang', '57cdf8c4-47e3-5560-7e41-c1ec321fe728', 'Ông', 'Trần Thảo Anh', NULL, 'Trieu535@gmail.com', NULL, '2a951a0f-259c-2832-7dcc-ee92bf437a3f', 27, 90, 'ahukz6794@example.com', NULL, 'Việt Nam', NULL, NULL, 'Bắc Giang', '', 'Carley Valdez', '2013-07-26 03:05:06', NULL, NULL, '548dce5f-5f29-4617-725d-e2ec561b0f41'),
('4760d71f-6e2f-5b32-19cb-66948daf6128', '187535', 'NCC00010', 'Công ty GSJWO', '0343655870', 'http://lan2112.vn', 'NCC-112,NCC-113', 'Bà Rịa Vũng Tàu', '6b550b8f-7ff9-51bc-0f77-d9ebc53aac3d', 'Bà', 'Phạm Thị Anh', '0890003014', 'Hue576@gmail.com', 'Hồ Thảo Thúy', '2181e1b4-3cf9-2495-bbec-c0283040ad25', 59, 50, 'GladisReeves33@example.com', NULL, 'Việt Nam', NULL, NULL, 'Bà Rịa Vũng Tàu', '', 'Stanford Sullivan', '1982-04-22 10:24:31', 'Selene Cartwright', '1981-07-08 16:20:09', '589edf01-198a-4ff5-958e-fb52fd75a1d4'),
('47f60f67-6087-2a86-abdb-e5d54223c257', '186478', 'NCC00036', 'Công ty XCTKN', '0396518356', 'http://tri5219.com', 'NCC-111,NCC-113', 'Long An', '5de704c2-573f-1a71-1a80-de64d090a2c2', 'Ông', 'Lý Thị Trang', '0967237012', 'Binh07332@gmail.com', 'Lý Mai Trang', '49b5613c-112f-5d16-636f-d59c8dd9bef2', 64, 19, 'FelixD.Shoemaker@example.com', NULL, 'Việt Nam', NULL, NULL, 'Long An', '', 'Reba Gregg', '1970-01-01 01:00:18', 'Pedro Harley', '1993-02-27 11:13:30', '548dce5f-5f29-4617-725d-e2ec561b0f41'),
('4c2386b1-57fb-15fa-1063-eeb1d8ed8cef', NULL, 'NCC00063', 'Công ty RDWLW', NULL, 'http://lan4963.com', 'NCC-111,NCC-113', NULL, '1f85f165-3ed3-370a-b7d2-89b22d10517e', 'Ông', NULL, '0339770345', NULL, 'Phạm Thảo Ngọc', '26a546dc-51ef-474e-ec75-f433c80be791', NULL, NULL, 'rxypas30@nowhere.com', NULL, NULL, NULL, NULL, NULL, '', NULL, NULL, 'Harriet Shelton', '1998-12-26 03:01:54', '30d41e52-5e66-72bc-6c1c-b47866e0b131'),
('4d7b21db-2e02-12b7-a9db-e5d54223c257', '135893', 'NCC00018', 'Công ty NWASU', '0826869020', 'http://ngoc5422.vn', 'NCC-114,NCC-113', 'Kiên Giang', '73dc79e1-1ccb-35a6-0235-60b3ebf808a9', 'Ông', 'Lê Gia Linh', '0302411854', 'Trinh7804@gmail.com', 'Lê Bảo Kiệt', '49b5613c-112f-5d16-636f-d59c8dd9bef2', 25, 43, 'Armstrong5@example.com', NULL, 'Việt Nam', NULL, NULL, 'Kiên Giang', '', 'Adam Maddox', '1970-01-01 00:15:42', 'Cierra Neville', '1970-03-27 23:48:20', '589edf01-198a-4ff5-958e-fb52fd75a1d4'),
('4e272fc4-7875-78d6-7d32-6a1673ffca7c', '126756', 'NCC00002', 'Công ty TKXXQ', '0376422249', 'http://tri8532.com', '', 'Nghệ An', '197fda97-5a35-781d-0e77-d9ebc53aac3d', 'Cô', 'Phạm Thành Tài', '0949451427', 'Vy43517@haui.com', 'Lý Văn Thành', '2a951a0f-259c-2832-7dcc-ee92bf437a3f', 94, 58, 'LealU19@nowhere.com', NULL, 'Việt Nam', NULL, NULL, 'Nghệ An', '', 'Marcos Abraham', '1995-07-27 03:45:56', 'Treena Lind', '1970-01-01 00:00:08', '30d41e52-5e66-72bc-6c1c-b47866e0b131'),
('4eceddac-7dc2-38ea-7bdd-867949feb8b5', NULL, 'NCC00065', 'Công ty BQLUY', NULL, 'http://tri7998.com', 'NCC-111,NCC-113', NULL, '5fab4ff7-1b8e-64d0-1880-de64d090a2c2', 'Ông', NULL, '0884427376', NULL, 'Võ Công Huy', '26a546dc-51ef-474e-ec75-f433c80be791', NULL, NULL, 'Richie_Rand2@example.com', NULL, NULL, NULL, NULL, NULL, '', NULL, NULL, 'Leonardo Lockhart', '1999-03-21 04:27:32', '68daa090-552d-1bc6-e8e4-8adc5263917a'),
('52f7159d-5242-1af8-9c7d-e8c757976496', '121985', 'NCC00058', 'Công ty WDKVR', '0908410034', 'http://lan7762.com', '', 'Hưng Yên', '2356a2d8-7751-6f97-66f6-423b4e874d0f', 'Ông', 'Võ Đức Tuấn', '0898790916', 'Thuc9745@misa.com', 'Phạm Phạm Nhung', '26a546dc-51ef-474e-ec75-f433c80be791', 41, 68, 'Barrett.JAnderson6@example.com', NULL, 'Việt Nam', NULL, NULL, 'Hưng Yên', '', 'Calvin Looney', '1973-03-02 20:40:32', 'Detra Fraley', '1977-08-17 12:30:55', '68daa090-552d-1bc6-e8e4-8adc5263917a'),
('53f6b59c-6af6-4204-6292-08c864661f9c', '133563', 'NCC00061', 'Công ty KYLAA', '0812564971', 'http://ngoc2323.com', 'NCC-112,NCC-113', 'Sơn La', '13ede5b6-19dd-563e-1980-de64d090a2c2', 'Bà', 'Nguyễn Đức Thịnh', '0923876784', 'Chinh2671@gmail.com', 'Nguyễn Bảo Huy', '49b5613c-112f-5d16-636f-d59c8dd9bef2', 21, 66, 'Frazer@nowhere.com', NULL, 'Việt Nam', NULL, NULL, 'Sơn La', '', 'Calvin Abrams', '1992-01-29 10:38:25', 'Erin Sheridan', '1970-01-01 00:00:06', '548dce5f-5f29-4617-725d-e2ec561b0f41'),
('5608f456-3b97-2e05-5d92-08c864661f9c', '118384', 'NCC00024', 'Công ty PZYXP', '0833414313', 'http://minh8698.com', 'NCC-112,NCC-113', 'Bắc Ninh', '524751f2-1577-523d-ce1d-086412a8ea97', 'Bà', 'Phạm Minh Anh', '0924874489', 'Khoi64670@misa.com', 'Bùi Thị Linh', '60b82625-3612-24de-9617-6d44a4db1359', 63, 63, NULL, NULL, 'Việt Nam', NULL, NULL, 'Bắc Ninh', '', 'Myles Angel', '2006-10-01 04:23:48', 'Eldon Christenson', '1991-02-23 07:05:00', '589edf01-198a-4ff5-958e-fb52fd75a1d4'),
('5660d465-6020-48f3-75dd-867949feb8b5', '111698', 'NCC00015', 'Công ty NEPRR', '0908696465', 'http://lan6795.com', 'NCC-111,NCC-113', 'Hà Nội', '5de704c2-573f-1a71-1a80-de64d090a2c2', 'Bà', 'Hoàng Bảo Hiếu', '0939656663', 'Lang46543@misa.com', 'Phạm Thảo Linh', '2a951a0f-259c-2832-7dcc-ee92bf437a3f', 40, 85, 'DominickGrier@nowhere.com', NULL, 'Việt Nam', NULL, NULL, 'Hà Nội', '', 'Freeman Selby', '2008-02-23 15:16:43', 'Roland Rowan', '1970-01-01 00:06:55', '589edf01-198a-4ff5-958e-fb52fd75a1d4'),
('59d19422-6657-452e-a7db-e5d54223c257', NULL, 'NCC00008', 'Công ty QGLRJ', NULL, 'http://ngoc2853.vn', 'NCC-114,NCC-113', NULL, NULL, 'Bà', NULL, '0814980348', NULL, 'Đỗ Văn Huy', '26a546dc-51ef-474e-ec75-f433c80be791', NULL, NULL, 'Babin@example.com', NULL, NULL, NULL, NULL, NULL, '', NULL, NULL, 'Maynard Brockman', '2004-01-29 08:56:31', '5bd71cda-209f-2ade-54d1-35c781481818'),
('5ae2d70b-201d-3e23-7f32-6a1673ffca7c', '154516', 'NCC00022', 'Công ty XGBAA', '0917692700', 'http://lan4548.com', 'NCC-112,NCC-113', 'Đắk Lắk', '4989ff24-23e7-7b82-b6d2-89b22d10517e', 'Ông', 'Hoàng Thảo Nga', '0976739766', 'Nuong59976@misa.com', 'Bùi Thị Như', '49b5613c-112f-5d16-636f-d59c8dd9bef2', 20, 47, 'Alston679@example.com', NULL, 'Việt Nam', NULL, NULL, 'Đắk Lắk', '', 'Kasey Furr', '2008-10-30 19:51:59', 'Darcel Broussard', '1988-05-02 01:47:25', '30d41e52-5e66-72bc-6c1c-b47866e0b131'),
('5b2fcdf5-2050-7cb2-8f90-67245e8b283e', '181978', 'NCC00011', 'Công ty NCPWH', '0869342516', 'http://lan1795.vn', '', 'Lào Cai', '524751f2-1577-523d-ce1d-086412a8ea97', 'Ông', 'Nguyễn Thảo Thùy', '0838030042', 'Quynh968@misa.com', 'Hoàng Thảo Anh', '26a546dc-51ef-474e-ec75-f433c80be791', 59, 23, 'Cordero@example.com', NULL, 'Việt Nam', NULL, NULL, 'Lào Cai', '', 'Nathan Salisbury', '2009-06-10 23:54:04', 'Fabian Dalton', '1970-01-01 00:10:39', '548dce5f-5f29-4617-725d-e2ec561b0f41'),
('5fbbda7e-7566-416f-9b7d-e8c757976496', '128100', 'NCC00053', 'Công ty SDSHV', '0894505931', 'http://minh5844.vn', 'NCC-112,NCC-113', 'Tiền Giang', '4989ff24-23e7-7b82-b6d2-89b22d10517e', 'Ông', 'Lê Hà Yến', '0396383352', 'Hang46738@misa.com', 'Vũ Bảo Hiếu', '60b82625-3612-24de-9617-6d44a4db1359', 13, 40, 'Abreu@example.com', NULL, 'Việt Nam', NULL, NULL, 'Tiền Giang', '', 'Aimee Stamm', '1972-09-24 08:50:24', 'Maryellen Aleman', '1970-01-01 00:00:04', '68daa090-552d-1bc6-e8e4-8adc5263917a'),
('60084fec-3509-2779-8432-6a1673ffca7c', '126104', 'NCC00060', 'Công ty PGFUO', '0349739984', 'http://tri9848.edu', 'NCC-111,NCC-113', 'Hà Nội', '407db4d1-222b-287d-0135-60b3ebf808a9', 'Ông', 'Nguyễn Bảo Nguyên', '0377593868', 'Anh9800@gmail.com', 'Nguyễn Thị Linh', '2a951a0f-259c-2832-7dcc-ee92bf437a3f', 84, 30, 'Acevedo@example.com', NULL, 'Việt Nam', NULL, NULL, 'Hà Nội', '', 'Burt Hughes', '1986-11-07 10:41:20', 'Brinda Lackey', '1970-01-01 00:00:07', '68daa090-552d-1bc6-e8e4-8adc5263917a'),
('6081dc00-4df0-5184-9690-67245e8b283e', '110176', 'NCC00066', 'Công ty EXTYP', '0923244726', 'http://tri4544.com', 'NCC-112,NCC-113', 'TP Hồ Chí Minh', '5de704c2-573f-1a71-1a80-de64d090a2c2', 'Bà', 'Vũ Thị Linh', NULL, 'Gia46717@haui.com', NULL, '2181e1b4-3cf9-2495-bbec-c0283040ad25', 69, 15, NULL, NULL, 'Việt Nam', NULL, NULL, 'TP Hồ Chí Minh', '', 'Abel Christian', '2010-10-24 02:00:56', NULL, NULL, '68daa090-552d-1bc6-e8e4-8adc5263917a'),
('61a45b9e-55c1-3dbb-f917-7000f455f3d5', '196509', 'NCC00044', 'Công ty MGSEU', '0318343228', 'http://ngoc8888.vn', 'NCC-111,NCC-113', 'Đắk Nông', '1e5e96fa-5d7a-599d-27c2-579daad24557', 'Ông', 'Bùi Thảo Linh', NULL, 'Thuy51199@gmail.com', NULL, '359963d8-1e69-5220-7ecc-ee92bf437a3f', 65, 56, 'Caleb.Lincoln2@example.com', NULL, 'Việt Nam', NULL, NULL, 'Đắk Nông', '', 'Bertram Herzog', '1988-04-16 14:52:42', NULL, NULL, '68daa090-552d-1bc6-e8e4-8adc5263917a'),
('6429b0f4-1391-7f32-9390-67245e8b283e', '187038', 'NCC00037', 'Công ty NYMMN', '0892158498', 'http://ngoc3954.vn', 'NCC-111,NCC-113', 'Bình Định', '12e1b096-3542-127a-1077-d9ebc53aac3d', 'Ông', 'Hoàng Thảo Hiền', '0936684823', 'Truc360@gmail.com', 'Dương Văn Tiến', '49b5613c-112f-5d16-636f-d59c8dd9bef2', 44, 44, 'AmadoMedina589@example.com', NULL, 'Việt Nam', NULL, NULL, 'Bình Định', '', 'Jarod Bourgeois', '2004-11-11 18:35:36', 'Ahmed Burkett', '2013-06-09 09:51:44', '548dce5f-5f29-4617-725d-e2ec561b0f41'),
('645f2e5c-7670-66a0-6092-08c864661f9c', '167588', 'NCC00042', 'Công ty KSVXU', '0943040908', 'http://lan5969.com', '', 'Hà Nội', '57cdf8c4-47e3-5560-7e41-c1ec321fe728', 'Ông', 'Nguyễn Quốc Tuấn', '0368604887', 'An68540@gmail.com', 'Lý Thành Tuấn', '60b82625-3612-24de-9617-6d44a4db1359', 63, 54, 'Clapp@example.com', NULL, 'Việt Nam', NULL, NULL, 'Hà Nội', '', 'Newton Graves', '1989-11-06 01:18:23', 'Audrea Cameron', '1970-01-01 00:00:38', '589edf01-198a-4ff5-958e-fb52fd75a1d4'),
('6764ab86-6fcc-2757-8032-6a1673ffca7c', '187142', 'NCC00025', 'Công ty LIYLV', '0882381835', 'http://tri3217.vn', 'NCC-112,NCC-113', 'TP Hồ Chí Minh', '5254e49d-4368-3162-29c2-579daad24557', 'Ông', 'Trần Thị Trang', '0319310732', 'Vinh15975@misa.com', 'Ngô Hồng Hưng', '2181e1b4-3cf9-2495-bbec-c0283040ad25', 66, 30, 'StephaniJ_Grossman@example.com', NULL, 'Việt Nam', NULL, NULL, 'TP Hồ Chí Minh', '', 'Jerome Gipson', '1970-01-01 00:05:13', 'Claude Spellman', '1970-01-01 00:00:10', '30d41e52-5e66-72bc-6c1c-b47866e0b131'),
('67b5c284-1c59-4a0a-0580-e8e2a817c80e', '196518', 'NCC00067', 'Công ty DNKZD', '0894702850', 'http://ngoc1823.com', 'NCC-111,NCC-113', 'Bắc Ninh', '1e5e96fa-5d7a-599d-27c2-579daad24557', 'Bà', 'Nguyễn Bảo Nhân', '0911368370', 'Que63094@gmail.com', 'Võ Thị Anh', '60b82625-3612-24de-9617-6d44a4db1359', 52, 70, NULL, NULL, 'Việt Nam', NULL, NULL, 'Bắc Ninh', '', 'Jeanna Maxwell', '2010-03-07 12:00:40', 'Elvin Newton', '2004-03-17 13:03:51', '548dce5f-5f29-4617-725d-e2ec561b0f41'),
('68478414-705a-2626-5c92-08c864661f9c', '166721', 'NCC00013', 'Công ty LTYKR', '0847797228', 'http://ngoc3267.com', 'NCC-111,NCC-113', 'Hòa Bình', '6c5b9fe7-14c9-3bb5-b4d2-89b22d10517e', 'Bà', 'Vũ Kim Anh', '0837196225', 'Hoai702@haui.com', 'Vũ Thùy Như', '49b5613c-112f-5d16-636f-d59c8dd9bef2', 19, 73, 'Costa@example.com', NULL, 'Việt Nam', NULL, NULL, 'Hòa Bình', '', 'Adah Jameson', '1973-01-26 10:48:31', 'Forrest Babb', '2010-09-07 13:50:06', '5bd71cda-209f-2ade-54d1-35c781481818'),
('6916f8cf-1279-16d8-9290-67245e8b283e', '169646', 'NCC00028', 'Công ty IXCNZ', '0895705110', 'http://minh8448.edu', 'NCC-111,NCC-113', 'TP Hồ Chí Minh', '4989ff24-23e7-7b82-b6d2-89b22d10517e', 'Bà', 'Dương Văn Hưng', '0802651191', 'Gia82416@gmail.com', 'Bùi Bảo Hưng', '49b5613c-112f-5d16-636f-d59c8dd9bef2', 77, 86, 'LeilaBrubaker@example.com', NULL, 'Việt Nam', NULL, NULL, 'TP Hồ Chí Minh', '', 'Josephine Norwood', '1982-07-04 22:23:44', 'Xiao Hauser', '1977-08-01 03:59:33', '5bd71cda-209f-2ade-54d1-35c781481818'),
('698623e9-1def-6cb3-fa17-7000f455f3d5', '101904', 'NCC00057', 'Công ty BZVOQ', '0843642897', 'http://minh8861.edu', '', 'Ninh Bình', '407db4d1-222b-287d-0135-60b3ebf808a9', 'Bà', 'Lý Bảo Huy', NULL, 'Di3778@gmail.com', NULL, '60b82625-3612-24de-9617-6d44a4db1359', 15, 42, 'AbbieByrd575@example.com', NULL, 'Việt Nam', NULL, NULL, 'Ninh Bình', '', 'Myrtis Thornhill', '1970-01-01 00:09:14', NULL, NULL, '30d41e52-5e66-72bc-6c1c-b47866e0b131'),
('69cdb3c5-55bc-2a7a-9a7d-e8c757976496', '140643', 'NCC00040', 'Công ty HPKSZ', '0305089434', 'http://minh3752.edu', '', 'Hà Giang', '506acf1e-5331-67a9-0d77-d9ebc53aac3d', 'Bà', 'Hồ Gia Khang', '0350229927', 'Huong939@gmail.com', 'Phạm Thảo Thư', '2181e1b4-3cf9-2495-bbec-c0283040ad25', 16, 88, 'Flowers139@nowhere.com', NULL, 'Việt Nam', NULL, NULL, 'Hà Giang', '', 'Bud Grubbs', '1994-02-19 03:21:06', 'Sherwood Moody', '1970-01-01 01:59:55', '589edf01-198a-4ff5-958e-fb52fd75a1d4'),
('6a4d99cd-242a-6200-7add-867949feb8b5', '152916', 'NCC00048', 'Công ty EQCMX', '0931332488', 'http://tri1243.com', 'NCC-112,NCC-113', 'Đà Nẵng', '409dcd1a-426a-23f7-3a35-0028ed526dd0', 'Bà', 'Nguyễn Thảo Nga', '0905978420', 'Dien549@misa.com', 'Trần Nhật Hà', '60b82625-3612-24de-9617-6d44a4db1359', 14, 14, NULL, NULL, 'Việt Nam', NULL, NULL, 'Đà Nẵng', '', 'Celestine Hong', '1970-01-01 00:02:22', 'Luke Giron', '2019-03-16 03:00:49', '5bd71cda-209f-2ade-54d1-35c781481818'),
('6c97b353-5d7d-4095-1dcb-66948daf6128', '153349', 'NCC00062', 'Công ty YWBDA', '0976724021', 'http://minh7997.com', '', 'Hà Nội', '6a763a51-4322-5c5a-b5d2-89b22d10517e', 'Bà', 'Phan Thiên Nguyên', '0350801028', 'Que033@gmail.com', 'Trần Thị Nhi', '49b5613c-112f-5d16-636f-d59c8dd9bef2', 31, 31, 'nhbldqsc_kpfymwleux@example.com', NULL, 'Việt Nam', NULL, NULL, 'Hà Nội', '', 'Hobert Adam', '2012-12-19 06:40:45', 'Ariane Omalley', '1970-01-01 00:00:08', '30d41e52-5e66-72bc-6c1c-b47866e0b131'),
('706b29b2-aa7d-4abb-9726-b15cbcc95014', '196518', 'NCC00070', 'Công ty DNKZD', '0894702850', 'http://ngoc1823.com', 'NCC-111,NCC-113', 'Bắc Ninh', '1e5e96fa-5d7a-599d-27c2-579daad24557', 'Bà', 'Nguyễn Bảo Nhân', '0911368370', 'Que63094@gmail.com', 'Võ Thị Anh', '60b82625-3612-24de-9617-6d44a4db1359', 52, 70, '[]', '[]', 'Việt Nam', NULL, NULL, 'Bắc Ninh', '', 'Jeanna Maxwell', '2010-03-07 12:00:40', 'Elvin Newton', '2004-03-17 13:03:51', '548dce5f-5f29-4617-725d-e2ec561b0f41'),
('7325f44f-127c-240c-afdb-e5d54223c257', '122952', 'NCC00068', 'Công ty BOYLC', '0336488406', 'http://minh7667.com', 'NCC-112,NCC-113', 'Quảng Trị', '56dce332-76f0-6b9b-5080-7ed9d1ea06ea', 'Anh', 'Phạm Phước Đạt', NULL, 'Le912@gmail.com', NULL, '2181e1b4-3cf9-2495-bbec-c0283040ad25', 14, 77, NULL, NULL, 'Việt Nam', NULL, NULL, 'Quảng Trị', '', 'Alice Gonzales', '2019-01-14 01:03:32', NULL, NULL, '5bd71cda-209f-2ade-54d1-35c781481818'),
('7623d42f-35f4-1ce5-987d-e8c757976496', '152875', 'NCC00023', 'Công ty FLJQU', '0815095567', 'http://ngoc8181.com', '', 'Long An', '524751f2-1577-523d-ce1d-086412a8ea97', 'Anh', 'Trần Thiên Hiếu', '0347496147', 'Binh0686@gmail.com', 'Phạm Nhã Huyền', '49b5613c-112f-5d16-636f-d59c8dd9bef2', 20, 47, 'Matney@example.com', NULL, 'Việt Nam', NULL, NULL, 'Long An', '', 'Gertie Abel', '1990-11-15 08:00:54', 'Abel Woodward', '1970-01-01 02:25:46', '5bd71cda-209f-2ade-54d1-35c781481818'),
('7686595d-16d5-33b3-0080-e8e2a817c80e', '138643', 'NCC00007', 'Công ty CVRAI', '0381878225', 'http://tri6966.vn', 'NCC-111,NCC-113', 'Bạc Liêu', '36ac2df8-2b1e-368f-cc1d-086412a8ea97', 'Ông', 'Phạm Bảo Huy', '0971795208', 'Son81458@haui.com', 'Phạm Bảo Tuấn', '2181e1b4-3cf9-2495-bbec-c0283040ad25', 63, 63, 'PhilRichey8@example.com', NULL, 'Việt Nam', NULL, NULL, 'Bạc Liêu', '', 'Eusebia Noland', '1976-07-29 00:17:51', 'Carroll Binder', '2020-05-03 04:57:28', '548dce5f-5f29-4617-725d-e2ec561b0f41'),
('768f8e64-7d10-20c9-967d-e8c757976496', '149283', 'NCC00005', 'Công ty ODCIQ', '0306176320', 'http://lan3417.com', 'NCC-112,NCC-113', 'Hà Nội', '1e5e96fa-5d7a-599d-27c2-579daad24557', 'Ông', 'Trần Trần Anh', NULL, 'Thieu4761@gmail.com', NULL, '26a546dc-51ef-474e-ec75-f433c80be791', 31, 13, 'Jennings@example.com', NULL, 'Việt Nam', NULL, NULL, 'Hà Nội', '', 'Oma Lawler', '2008-04-11 03:51:52', NULL, NULL, '548dce5f-5f29-4617-725d-e2ec561b0f41'),
('771e3dd1-42bb-2339-acdb-e5d54223c257', '179306', 'NCC00039', 'Công ty UVBGC', '0872862194', 'http://lan7353.edu', '', 'Hòa Bình', '506acf1e-5331-67a9-0d77-d9ebc53aac3d', 'Cô', 'Bùi Minh Kiệt', '0875147621', 'Tuong938@gmail.com', 'Võ Gia Trang', '49b5613c-112f-5d16-636f-d59c8dd9bef2', 19, 37, 'Blank783@example.com', NULL, 'Việt Nam', NULL, NULL, 'Hòa Bình', '', 'Corey Musgrove', '1998-11-18 21:44:26', 'Darrin Downey', '1970-01-01 00:10:02', '30d41e52-5e66-72bc-6c1c-b47866e0b131'),
('7abe18db-2b8a-5fcb-aedb-e5d54223c257', '121201', 'NCC00054', 'Công ty BGNBP', '0391219385', 'http://ngoc7425.vn', '', 'TP Hồ Chí Minh', '677132b4-2a33-68d1-26c2-579daad24557', 'Ông', 'Nguyễn Thụy Huyền', '0801367154', 'Hien642@misa.com', 'Nguyễn Bảo Anh', '2181e1b4-3cf9-2495-bbec-c0283040ad25', 67, 40, 'Tamera_Lemieux2@nowhere.com', NULL, 'Việt Nam', NULL, NULL, 'TP Hồ Chí Minh', '', 'Sonia Ackerman', '1970-01-01 02:45:15', 'Heriberto Purdy', '1970-01-01 00:01:09', '5bd71cda-209f-2ade-54d1-35c781481818'),
('7bec5682-21c4-666f-a8db-e5d54223c257', '118782', 'NCC00014', 'Công ty PKGSE', '0370318122', 'http://ngoc8221.edu', '', 'TP Hồ Chí Minh', '6c80a684-1cb5-41af-ff34-60b3ebf808a9', 'Ông', 'Nguyễn Gia Hưng', '0990419485', 'Nu222@gmail.com', 'Vũ Thị Anh', '2a951a0f-259c-2832-7dcc-ee92bf437a3f', 53, 89, 'Adair77@example.com', NULL, 'Việt Nam', NULL, NULL, 'TP Hồ Chí Minh', '', 'Adam Geer', '1970-01-01 00:00:01', 'Augustine Corbin', '1970-01-01 00:01:06', '548dce5f-5f29-4617-725d-e2ec561b0f41'),
('7e8f50b2-5100-74d8-0480-e8e2a817c80e', '144879', 'NCC00059', 'Công ty DRCOM', '0398278519', 'http://lan3532.vn', 'NCC-112,NCC-113', 'Thừa Thiên Huế', '5254e49d-4368-3162-29c2-579daad24557', 'Cô', 'Nguyễn Văn Tuấn', '0909434869', 'Bang84444@gmail.com', 'Vũ Thảo Yến', '26a546dc-51ef-474e-ec75-f433c80be791', 63, 81, 'Titus1@nowhere.com', NULL, 'Việt Nam', NULL, NULL, 'Thừa Thiên Huế', '', 'Deedee Strange', '2013-03-06 08:49:13', 'Carolann Cosgrove', '1997-04-14 16:54:44', '548dce5f-5f29-4617-725d-e2ec561b0f41');

-- 
-- Dumping data for table CaPayment
--
INSERT INTO CaPayment VALUES
('0bb7ea45-6768-4cee-a3ff-a4a3addba309', 'PC00038', '53f6b59c-6af6-4204-6292-08c864661f9c', 'Vũ Bảo Nhân', 'Hưng Yên', 'Chi tiền cho', '5fab4ff7-1b8e-64d0-1880-de64d090a2c2', '2020-06-02 23:58:14', '2022-02-04 01:12:31', 7601500, NULL, NULL, NULL, NULL, NULL, 9),
('153105e0-6702-29ed-7632-03c92da59c43', 'PC00015', '4577565a-7e3e-493a-74dd-867949feb8b5', 'Trần Thị Yến', 'Đồng Nai', 'Chi tiền cho', '407db4d1-222b-287d-0135-60b3ebf808a9', '2020-05-08 00:00:04', '2022-02-24 18:42:42', 5223800, '', 'Dorine Alcorn', '1986-06-28 04:27:32', '1994-05-27 00:22:01', 'Alida Dover', 1),
('174ffc6c-4080-4bc3-a126-71cca92946bf', 'PC00009', '1e5a953f-1c88-5769-addb-e5d54223c257', 'Huỳnh Thảo Anh', 'Kiên Giang', 'Chi tiền cho', '6c5b9fe7-14c9-3bb5-b4d2-89b22d10517e', '2020-05-08 00:00:01', '2022-02-17 07:56:31', 2121030, '', 'Ward Provost', '1984-05-13 05:26:15', '1970-10-01 14:58:06', 'Maria Abney', 8),
('19029793-2caa-7372-e03d-c9e9e9038fe2', 'PC00013', '59d19422-6657-452e-a7db-e5d54223c257', 'Phạm Trần Yến', 'Bình Phước', 'Chi tiền cho', '407db4d1-222b-287d-0135-60b3ebf808a9', '2020-05-17 20:05:26', '2022-01-10 08:06:39', 8872810, '', 'Annemarie Manson', '1970-01-01 00:00:58', '1976-03-24 22:50:16', 'Bryant Blanchard', 5),
('1944b789-48b3-5241-f588-479bce9b28fc', 'PC00010', '142cb08f-7c31-21fa-8e90-67245e8b283e', 'Lý Tấn Hưng', 'Hòa Bình', 'Chi tiền cho', '407db4d1-222b-287d-0135-60b3ebf808a9', '2021-02-20 16:35:56', '2022-02-01 21:22:12', 4460500, '', 'Adalberto Sousa', '1998-09-05 00:03:01', '1975-08-23 18:41:31', 'Joette Valdez', 3),
('1ae1fc8d-3cd6-7f4e-a226-71cca92946bf', 'PC00021', '2dcedb9c-6c32-7d27-977d-e8c757976496', 'Phạm Thanh Tuấn', 'Sơn La', 'Chi tiền cho', '407db4d1-222b-287d-0135-60b3ebf808a9', '2020-05-13 02:03:45', '2022-01-01 00:00:10', 5513550, '', 'Cristobal Bandy', '1970-01-01 00:16:33', '1984-10-12 04:21:44', 'Lakenya Godfrey', 9),
('1cab3f5f-2daa-759f-e936-63d5d5eff719', 'PC00012', '2bf413d3-7a2c-217a-78dd-867949feb8b5', 'Bùi Thế Khang', 'Tiền Giang', 'Chi tiền cho', '4989ff24-23e7-7b82-b6d2-89b22d10517e', '2021-03-08 07:24:00', '2022-02-15 13:21:36', 3258000, '', 'Kelsey Alfaro', '2008-05-10 04:46:22', '1987-01-23 20:56:24', 'Thresa Park', 7),
('2102924a-510c-7251-a026-71cca92946bf', 'PC00007', '7bec5682-21c4-666f-a8db-e5d54223c257', 'Vũ Thảo Anh', 'Lai Châu', 'Chi tiền cho', '677132b4-2a33-68d1-26c2-579daad24557', '2020-05-08 00:00:04', '2022-01-01 00:03:18', 5413680, '', 'Lonna Mccurdy', NULL, '2000-04-15 23:26:16', 'Alane Patrick', 9),
('3541ff76-58f0-6d1a-e836-63d5d5eff719', 'PC00001', '1b336f56-7ee3-7ceb-1ccb-66948daf6128', 'Trần Minh Nam', 'Bắc Giang', 'Chi tiền cho', '36ac2df8-2b1e-368f-cc1d-086412a8ea97', '2020-05-08 00:01:22', '2022-02-04 02:59:02', 5151060, '', 'Araceli Kingsley', '2020-06-27 15:13:11', '1989-08-20 06:59:19', 'Gale Elliott', 4),
('3735267c-70eb-3878-f888-479bce9b28fc', 'PC00025', '24629593-3d34-32fd-997d-e8c757976496', 'Trần Kim Trang', 'Bạc Liêu', 'Chi tiền cho', NULL, '2020-05-08 00:00:10', '2022-01-01 02:01:37', 5869320, '', 'Aileen Kong', '2018-01-16 04:46:45', NULL, NULL, 10),
('39446ba3-3071-7af6-a5a9-deaf32c96293', 'PC00002', '404fe340-1fd3-414b-aadb-e5d54223c257', 'Hoàng Nguyên Trí', 'Hòa Bình', 'Chi tiền cho', '3304dddb-1b72-607f-25c2-579daad24557', '2020-07-11 12:54:06', '2022-01-28 01:25:18', 9502060, NULL, NULL, '1995-10-20 15:57:04', '2004-10-03 02:26:08', 'Damien Gibbs', 8),
('423d5b84-2191-6cce-df3d-c9e9e9038fe2', 'PC00005', '5ae2d70b-201d-3e23-7f32-6a1673ffca7c', 'Phạm Thảo Hằng', 'Lào Cai', 'Chi tiền cho', '5de704c2-573f-1a71-1a80-de64d090a2c2', '2021-02-02 09:56:28', '2022-01-24 04:24:16', 9800950, '', 'Althea Heath', '1994-08-30 04:54:23', '2017-04-12 13:37:18', 'Alonzo Calvin', 4),
('447816de-6069-15bf-de3d-c9e9e9038fe2', 'PC00000', '5ae2d70b-201d-3e23-7f32-6a1673ffca7c', 'Nguyễn Lê Yến', 'Hà Nội', 'Chi tiền cho', NULL, '2020-12-21 12:31:55', '2022-02-08 11:09:58', 3659800, '', 'Trent Dobbins', '1970-01-01 00:00:02', '1975-03-10 04:34:02', NULL, 5),
('48b51439-3625-6c0c-7532-03c92da59c43', 'PC00006', '34cde64f-62e4-186c-77dd-867949feb8b5', 'Võ Thái Hiếu', 'Quảng Bình', 'Chi tiền cho', '28cd1599-63bf-785f-4f80-7ed9d1ea06ea', '2020-12-19 20:22:01', '2022-01-28 00:19:24', 2949530, '', 'Colton Ackerman', '2014-07-05 20:16:56', '1977-07-08 01:42:29', 'Trudie Abney', 4),
('48c0e033-30af-2811-89db-f21ac591aca5', 'PC00020', '69cdb3c5-55bc-2a7a-9a7d-e8c757976496', 'Phạm Cao Huy', 'Tây Ninh', 'Chi tiền cho', '11a8748f-3464-740c-28c2-579daad24557', '2020-05-08 00:00:38', '2022-02-06 00:06:56', 5084840, '', 'Diego Drummond', '1982-07-20 17:42:29', '1978-07-12 23:48:32', 'Orlando Rich', 4),
('4a4c7550-5ee4-1843-e13d-c9e9e9038fe2', 'PC00017', '4eceddac-7dc2-38ea-7bdd-867949feb8b5', 'Bùi Hoàng Giang', 'Bà Rịa Vũng Tàu', 'Chi tiền cho', '57cdf8c4-47e3-5560-7e41-c1ec321fe728', '2021-02-05 14:46:56', '2022-01-02 23:30:10', 3608970, NULL, NULL, '1970-01-01 02:23:33', '2013-09-24 09:52:36', 'Steven Lombard', 4),
('4c23f8b5-378c-4c80-e23d-c9e9e9038fe2', 'PC00019', '47f60f67-6087-2a86-abdb-e5d54223c257', 'Nguyễn Bá Hiếu', 'Thái Bình', 'Chi tiền cho', '409dcd1a-426a-23f7-3a35-0028ed526dd0', '2021-01-28 07:54:45', '2022-01-01 01:10:18', 4928310, '', 'Jazmin Castellanos', '2007-01-15 17:59:37', '1970-01-01 01:37:15', 'Moises Kellogg', 8),
('4f49d583-2ab7-44f0-8adb-f21ac591aca5', 'PC00029', '2fb0b105-7808-503a-76dd-867949feb8b5', 'Phan Yến Trang', 'Hà Nội', 'Chi tiền cho', NULL, '2020-11-16 10:16:00', '2022-01-01 00:02:21', 8127680, '', 'Agatha Conn', NULL, NULL, NULL, 4),
('50272c6a-39b2-4f68-b594-269816b3dfc2', 'PC00037', NULL, NULL, NULL, 'Chi tiền cho', NULL, '2022-03-13 08:23:38', '2022-03-13 08:23:38', 0, NULL, NULL, NULL, NULL, NULL, NULL),
('527894c4-1c83-7d9e-f788-479bce9b28fc', 'PC00018', '61a45b9e-55c1-3dbb-f917-7000f455f3d5', 'Phạm Xuân Trang', 'Hưng Yên', 'Chi tiền cho', '524751f2-1577-523d-ce1d-086412a8ea97', '2020-05-08 01:33:42', '2022-02-15 15:03:38', 9128020, NULL, NULL, '2002-12-11 09:37:33', '1999-07-17 09:38:23', 'Amina Hickman', 2),
('55ab1729-8cd2-4dda-9e6f-e2ced2f0082c', 'PC00031', '2fb0b105-7808-503a-76dd-867949feb8b5', 'Phan Yến Trang', 'Hà Nội', 'Chi tiền cho', NULL, '2020-11-16 10:16:00', '2022-01-01 00:02:21', 8127680, NULL, NULL, NULL, NULL, NULL, 4),
('58e39eac-7bef-436e-eb36-63d5d5eff719', 'PC00028', '11f7089b-33e6-371a-f817-7000f455f3d5', 'Lý Đình Kiệt', 'Đà Nẵng', 'Chi tiền cho', '1f85f165-3ed3-370a-b7d2-89b22d10517e', '2020-12-03 06:22:55', '2022-02-28 17:36:35', 3168810, '', 'Adah Adamson', NULL, NULL, 'Alina Buckner', 2),
('61608d17-702d-61ca-f688-479bce9b28fc', 'PC00016', '52f7159d-5242-1af8-9c7d-e8c757976496', 'Trần Thành Huy', 'Đắk Nông', 'Chi tiền cho', '3304dddb-1b72-607f-25c2-579daad24557', '2020-05-09 11:02:12', '2022-02-17 19:44:56', 8414850, '', 'Buck Branham', '1970-01-01 00:13:13', '1997-06-19 10:05:47', 'Alane Alves', 4),
('6372ae64-666a-386b-7732-03c92da59c43', 'PC00027', '60084fec-3509-2779-8432-6a1673ffca7c', 'Lý Thiên Duy', 'Cao Bằng', 'Chi tiền cho', '13ede5b6-19dd-563e-1980-de64d090a2c2', '2020-05-08 00:00:52', '2022-01-14 08:23:05', 8946850, '', 'Elisha Grace', '1985-12-18 22:37:23', '1984-11-14 20:52:02', 'Cletus Rosado', 6),
('67863ddd-1c48-1dcc-8d5e-60fe4d31c979', 'PC00023', '60084fec-3509-2779-8432-6a1673ffca7c', 'Phạm Gia Tuấn', 'Vĩnh Phúc', 'Chi tiền cho', '5c7f0ec4-77f2-3794-cf1d-086412a8ea97', '2020-08-12 22:46:53', '2022-01-13 22:54:25', 6847350, '', 'Conception Caballero', '1973-07-01 01:07:02', '1970-01-01 00:00:04', 'Edmond Pollock', 9),
('67f532a4-1158-2919-d1eb-e423f1575e00', 'PC00014', '469b3ece-744a-45d5-957d-e8c757976496', 'Vũ Văn Huy', 'Lai Châu', 'Chi tiền cho', '7bd9cf39-3f55-3a7b-0035-60b3ebf808a9', '2020-11-22 20:50:14', '2022-02-04 23:07:26', 1764320, '', 'Tressa Amos', '2017-09-11 19:35:26', '1987-06-29 16:48:44', 'Alexis Mallory', 3),
('71952621-23c8-61d2-d0eb-e423f1575e00', 'PC00004', '67b5c284-1c59-4a0a-0580-e8e2a817c80e', 'Nguyễn Văn Huy', 'Hà Giang', 'Chi tiền cho', '5de704c2-573f-1a71-1a80-de64d090a2c2', '2021-02-14 14:18:42', '2022-01-02 22:23:33', 1036060, '', 'Brett Abney', '1970-01-01 00:00:04', '1999-05-16 02:15:21', 'Houston Contreras', 8),
('71a5d760-185e-3522-ea36-63d5d5eff719', 'PC00022', '53f6b59c-6af6-4204-6292-08c864661f9c', 'Vũ Bảo Nhân', 'Hưng Yên', 'Chi tiền cho', '5fab4ff7-1b8e-64d0-1880-de64d090a2c2', '2020-06-02 23:58:14', '2022-02-04 01:12:31', 7601500, '', 'Mireille Rees', '1970-01-01 02:07:36', '2011-10-24 10:10:16', 'Norma Forrester', 9),
('7298fc27-90e3-4933-9789-1a849034bb06', 'PC00033', NULL, NULL, NULL, 'Chi tiền cho', NULL, '2022-03-13 08:21:07', '2022-03-13 08:21:07', 0, NULL, NULL, NULL, NULL, NULL, NULL),
('73612d31-3ee3-7447-8e7d-817a123d365d', 'PC00011', '4e272fc4-7875-78d6-7d32-6a1673ffca7c', 'Phạm Thảo Uyên', 'Ninh Thuận', 'Chi tiền cho', '73dc79e1-1ccb-35a6-0235-60b3ebf808a9', '2020-05-08 00:00:06', '2022-01-28 14:12:31', 5279750, '', 'Carlita Ames', '1970-01-01 00:09:49', '2001-03-01 02:18:43', 'Adah Ambrose', 4),
('74b4ef62-677e-21c3-88db-f21ac591aca5', 'PC00008', '439cdac8-4380-1e2d-0f63-eeb1d8ed8cef', 'Trần Quốc Huy', 'Vĩnh Phúc', 'Chi tiền cho', '1f85f165-3ed3-370a-b7d2-89b22d10517e', '2020-05-08 02:39:05', '2022-02-27 11:16:18', 1471000, '', 'Abigail Mclemore', '2006-08-23 00:55:17', '1999-06-03 02:59:32', 'Berry Pedersen', 5),
('786019cb-7e1c-2ab9-d2eb-e423f1575e00', 'PC00026', '52f7159d-5242-1af8-9c7d-e8c757976496', 'Phạm Thị Anh', 'TP Hồ Chí Minh', 'Chi tiền cho', '5c7f0ec4-77f2-3794-cf1d-086412a8ea97', '2021-02-20 19:16:42', '2022-02-07 05:10:58', 7941940, '', 'Travis Nielsen', '1971-12-31 04:03:35', '1981-09-13 17:07:42', 'Foster Cantwell', 4),
('79aca385-65e3-1ebe-f488-479bce9b28fc', 'PC00003', '52f7159d-5242-1af8-9c7d-e8c757976496', 'Nguyễn Văn Phú', 'TP Hồ Chí Minh', 'Chi tiền cho', '5fab4ff7-1b8e-64d0-1880-de64d090a2c2', '2020-08-26 16:55:49', '2022-01-10 09:03:53', 8775020, '', 'Kim Charlton', '1970-01-01 01:40:13', '1970-01-01 00:00:03', 'Kareem Culver', 6),
('7c7907fa-630d-24ef-8f7d-817a123d365d', 'PC00024', '11452b0c-768e-5ff7-0d63-eeb1d8ed8cef', 'Nguyễn Văn Nguyên', 'Kiên Giang', 'Chi tiền cho', '28cd1599-63bf-785f-4f80-7ed9d1ea06ea', '2020-09-25 04:36:06', '2022-02-20 11:47:54', 3889360, '', 'Lauri Hobbs', '1970-01-01 00:00:08', '1970-01-01 00:05:48', 'Roderick Mims', 7),
('a3868b27-c33a-4ecd-91cf-45b7382f6d35', 'PC00032', '2fb0b105-7808-503a-76dd-867949feb8b5', 'Phan Yến Trang', 'Hà Nội', 'Chi tiền cho', NULL, '2020-11-16 10:16:00', '2022-01-01 00:02:21', 8127680, NULL, NULL, NULL, NULL, NULL, 4),
('a5622320-9d48-4b7e-97f8-2197aceb4d9c', 'PC00030', '2fb0b105-7808-503a-76dd-867949feb8b5', 'Phan Yến Trang', 'Hà Nội', 'Chi tiền cho', NULL, '2020-11-16 10:16:00', '2022-01-01 00:02:21', 8127680, NULL, NULL, NULL, NULL, NULL, 4),
('c8c6e1e4-6937-443b-bcd9-49d8e1c226a8', 'PC00036', NULL, NULL, NULL, 'Chi tiền cho', NULL, '2022-03-13 08:23:36', '2022-03-13 08:23:36', 0, NULL, NULL, NULL, NULL, NULL, NULL),
('de1357d4-be88-4f64-8f47-b5d009ca4043', 'PC00035', NULL, NULL, NULL, 'Chi tiền cho', NULL, '2022-03-13 08:23:35', '2022-03-13 08:23:35', 0, NULL, NULL, NULL, NULL, NULL, NULL),
('f4e82de2-ad32-4f0a-9d96-1d0a0ed2a922', 'PC00034', NULL, NULL, NULL, 'Chi tiền cho', NULL, '2022-03-13 08:23:24', '2022-03-13 08:23:24', 0, NULL, NULL, NULL, NULL, NULL, NULL);

-- 
-- Dumping data for table CaPaymentDetail
--
INSERT INTO CaPaymentDetail VALUES
('126339f9-1e9c-7ed8-8a2a-acc8fc2f00af', '786019cb-7e1c-2ab9-d2eb-e423f1575e00', 'Chi tiền cho', '1123', '11114', 87142.95, '1985-06-19 12:16:48', 'Markus Andrew', 'Velia Lachance', '2012-04-07 01:32:58', '7bec5682-21c4-666f-a8db-e5d54223c257'),
('1294ae7e-2858-2074-4429-0204eeb736fa', '1cab3f5f-2daa-759f-e936-63d5d5eff719', 'Chi tiền cho', '1125', '11116', 16467.09, '1970-01-01 00:00:03', 'Ellamae Barr', 'Cedric Roden', '1982-09-05 11:00:47', '1ded3dd7-32db-5bc9-9190-67245e8b283e'),
('13e90e15-7e80-37d9-9e99-4d3edfe18939', '58e39eac-7bef-436e-eb36-63d5d5eff719', 'Chi tiền cho', '1124', '11117', 5491.89, '1982-01-03 19:09:11', 'Cecil Acker', 'Carmine Magee', '1975-07-31 21:27:24', '3ab17eb8-4928-4275-8332-6a1673ffca7c'),
('1720654b-2559-3acc-c50c-0dd710d1548d', '79aca385-65e3-1ebe-f488-479bce9b28fc', 'Chi tiền cho', '1123', '11116', 64.82, '1970-01-01 01:31:32', 'Fausto Cabral', 'Dana Burger', '1975-01-04 00:53:50', '68478414-705a-2626-5c92-08c864661f9c'),
('18866bec-1af3-5d61-9f75-2a7ae1c799c8', '4a4c7550-5ee4-1843-e13d-c9e9e9038fe2', 'Chi tiền cho', '1124', '11117', 88944.89, '1970-01-01 02:10:09', 'Isaac Irwin', 'Abby Cormier', '1970-01-01 00:49:10', '2bf413d3-7a2c-217a-78dd-867949feb8b5'),
('18a0bc9d-5f33-2803-4529-0204eeb736fa', '61608d17-702d-61ca-f688-479bce9b28fc', 'Chi tiền cho', '1126', '11111', 418.18, '1998-04-22 23:51:01', 'Cristopher Broughton', 'Dante Anglin', '1984-09-18 04:29:12', '11452b0c-768e-5ff7-0d63-eeb1d8ed8cef'),
('1904c499-616b-7809-8e2a-acc8fc2f00af', '423d5b84-2191-6cce-df3d-c9e9e9038fe2', 'Chi tiền cho', '1126', '11111', 47354.64, '1971-02-19 22:29:26', 'Haywood Irwin', 'Aron Tanner', '1970-01-01 02:25:13', '3f66f2d6-688b-4161-5f92-08c864661f9c'),
('19199813-4275-601e-a175-2a7ae1c799c8', '67f532a4-1158-2919-d1eb-e423f1575e00', 'Chi tiền cho', '1123', '11111', 90381.96, '2007-03-03 18:07:29', 'Myra Lentz', 'Belle Burge', '2010-03-07 04:25:58', '20d0b9f3-3e65-1639-9d7d-e8c757976496'),
('19410667-2b94-5075-9a99-4d3edfe18939', '4c23f8b5-378c-4c80-e23d-c9e9e9038fe2', 'Chi tiền cho', '1123', '11115', 92491.59, '2009-08-11 02:48:48', 'Anthony Boyd', 'Billye Arndt', '1994-02-12 15:10:48', '1f22399e-14b4-5c2b-8132-6a1673ffca7c'),
('1b11f02b-60af-55a2-b8e4-cbefc3792353', '2102924a-510c-7251-a026-71cca92946bf', NULL, '1123', '11111', 1.49, NULL, NULL, 'Roberto Joiner', '1970-01-01 01:08:03', '1e5a953f-1c88-5769-addb-e5d54223c257'),
('1bf7eb6f-2837-7f1f-acc1-8e252c39bb73', '174ffc6c-4080-4bc3-a126-71cca92946bf', NULL, '1123', '11112', 24262.62, NULL, NULL, NULL, NULL, NULL),
('1c40c330-4ddd-3094-c20c-0dd710d1548d', '4a4c7550-5ee4-1843-e13d-c9e9e9038fe2', 'Chi tiền cho', '1123', '11114', 6326.79, '1981-05-10 18:20:26', 'Asuncion Candelaria', 'Adelaide Bridges', '1995-08-25 12:20:23', '2de001fe-529b-33ad-0280-e8e2a817c80e'),
('1cfbbaf9-31e9-68a1-4929-0204eeb736fa', '67f532a4-1158-2919-d1eb-e423f1575e00', NULL, '1126', '11117', 85.44, NULL, NULL, 'Anisa Albrecht', '1970-01-01 00:10:35', '67b5c284-1c59-4a0a-0580-e8e2a817c80e'),
('1d9109a1-6797-4bdb-8c2a-acc8fc2f00af', '6372ae64-666a-386b-7732-03c92da59c43', 'Chi tiền cho', '1127', '11117', 35187.02, '1997-02-24 08:11:11', 'Abraham Lockwood', 'Reid Chisolm', '2009-06-27 14:28:57', '5660d465-6020-48f3-75dd-867949feb8b5'),
('1de3dd35-ee7f-4fdf-9f9c-84a693246bdf', '55ab1729-8cd2-4dda-9e6f-e2ced2f0082c', 'Chi tiền cho', '1124', '11117', 43266.28, NULL, NULL, NULL, NULL, '7325f44f-127c-240c-afdb-e5d54223c257'),
('1f3754af-7196-5287-efb5-aae5d250830a', '39446ba3-3071-7af6-a5a9-deaf32c96293', 'Chi tiền cho', '1126', '11116', 24951.61, '2003-04-25 18:39:47', 'Tegan Hamer', 'Buster Agnew', '1970-01-01 00:09:26', '247986de-4165-651a-9490-67245e8b283e'),
('22868de9-28b6-679c-b4e4-cbefc3792353', '6372ae64-666a-386b-7732-03c92da59c43', 'Chi tiền cho', '1123', '11114', 99928.98, '1975-06-08 13:21:22', 'Lang Byrnes', 'Leta Hanes', '1970-01-01 00:00:24', '59d19422-6657-452e-a7db-e5d54223c257'),
('22b4de13-354d-506e-31de-835209209de0', '447816de-6069-15bf-de3d-c9e9e9038fe2', 'Chi tiền cho', '1123', '11111', 24972.96, '1971-06-23 22:57:25', 'Burl Mortensen', 'Janee Aguilar', '2017-01-14 20:05:21', '68478414-705a-2626-5c92-08c864661f9c'),
('24fa226e-1800-7304-a575-2a7ae1c799c8', '71952621-23c8-61d2-d0eb-e423f1575e00', 'Chi tiền cho', '1124', '11115', 8167.85, '1989-07-25 00:44:44', 'Chelsea Gibbs', 'Burl Jeffries', '1981-01-18 10:37:17', '7623d42f-35f4-1ce5-987d-e8c757976496'),
('2593be8d-5c97-23fc-afc1-8e252c39bb73', '4f49d583-2ab7-44f0-8adb-f21ac591aca5', 'Chi tiền cho', '1124', '11117', 43266.28, '1970-01-01 00:00:53', 'Adella Marcus', 'Chanda Fernandes', '1999-11-23 19:39:59', '24629593-3d34-32fd-997d-e8c757976496'),
('25f20752-5f67-6e6d-0b01-2997b7e81c24', '19029793-2caa-7372-e03d-c9e9e9038fe2', 'Chi tiền cho', '1125', '11114', 20062.60, '2014-04-05 18:11:52', 'Dean Cormier', 'Adam Harms', '1991-03-05 05:29:08', '2bbbd485-6df2-536a-7e32-6a1673ffca7c'),
('26021185-77af-263c-842a-acc8fc2f00af', '1cab3f5f-2daa-759f-e936-63d5d5eff719', 'Chi tiền cho', '1123', '11115', 51696.44, '2000-01-14 00:58:44', 'Arthur Glover', 'Catherina Overstreet', '2018-09-17 11:21:56', '1f74cd3f-6de4-5324-0180-e8e2a817c80e'),
('2602a715-3eca-389d-0c01-2997b7e81c24', '153105e0-6702-29ed-7632-03c92da59c43', 'Chi tiền cho', '1123', '11113', 2.01, '1971-07-05 10:19:49', 'Flavia Goldman', 'Trent Mcclellan', '1970-01-01 02:12:08', '2dcedb9c-6c32-7d27-977d-e8c757976496'),
('2b031b59-5276-589c-9d75-2a7ae1c799c8', '1cab3f5f-2daa-759f-e936-63d5d5eff719', 'Chi tiền cho', '1125', '11116', 85869.70, '1997-10-12 11:58:09', 'Judi Herron', 'Abram Koontz', '1978-03-21 10:06:30', '1152da18-24d8-65b6-0380-e8e2a817c80e'),
('2c3dfa7b-4a6e-57e9-a675-2a7ae1c799c8', '79aca385-65e3-1ebe-f488-479bce9b28fc', 'Chi tiền cho', '1123', '11111', 524.09, '1993-09-19 00:43:32', 'Tonja Uribe', 'Shirley Barron', '1970-01-01 02:09:28', '69cdb3c5-55bc-2a7a-9a7d-e8c757976496'),
('2c5d5b86-3963-7786-aac1-8e252c39bb73', '67863ddd-1c48-1dcc-8d5e-60fe4d31c979', NULL, '1127', '11114', 74652.18, NULL, NULL, 'Cristen Acevedo', '1993-02-10 10:18:10', '17120d02-6ab5-3e43-18cb-66948daf6128'),
('300bd270-340d-5844-c30c-0dd710d1548d', '786019cb-7e1c-2ab9-d2eb-e423f1575e00', 'Chi tiền cho', '1125', '11111', 78.03, '2002-05-29 21:05:10', 'Adelaida Alvarez', 'Norbert Toliver', '1970-01-01 00:00:10', '2bbbd485-6df2-536a-7e32-6a1673ffca7c'),
('3084625b-7b81-5184-9e75-2a7ae1c799c8', '4a4c7550-5ee4-1843-e13d-c9e9e9038fe2', 'Chi tiền cho', '1123', '11111', 5181.51, '1970-01-01 01:26:22', 'Roxanne Boothe', 'Haley Otis', '1990-07-10 16:52:16', '7686595d-16d5-33b3-0080-e8e2a817c80e'),
('3115ec3d-5fca-18ff-f1b5-aae5d250830a', '174ffc6c-4080-4bc3-a126-71cca92946bf', 'Chi tiền cho', '1124', '11112', 62810.48, '1970-01-01 00:14:03', 'Abel Gary', 'Damian Abrams', '2016-11-11 11:28:12', '1b336f56-7ee3-7ceb-1ccb-66948daf6128'),
('32d509b9-2d1a-43b5-9d99-4d3edfe18939', '7c7907fa-630d-24ef-8f7d-817a123d365d', 'Chi tiền cho', '1123', '11117', 89.71, '2004-04-27 22:08:18', 'Jonathan Espino', 'Lilla Mojica', '1990-11-22 20:01:56', '2b850d3d-6722-3f01-1bcb-66948daf6128'),
('336d2cf7-566c-5782-8d2a-acc8fc2f00af', '2102924a-510c-7251-a026-71cca92946bf', 'Chi tiền cho', '1124', '11114', 73286.33, '1999-11-29 12:27:39', 'Shellie Anders', 'Tanya Mckinney', '2020-03-18 21:08:12', '5ae2d70b-201d-3e23-7f32-6a1673ffca7c'),
('35417e78-4185-2ed3-a099-4d3edfe18939', '4a4c7550-5ee4-1843-e13d-c9e9e9038fe2', 'Chi tiền cho', '1125', '11111', 88.13, '2013-03-17 23:56:32', 'Leonila Mccutcheon', 'Celestina Travers', '1974-12-25 06:54:25', '6916f8cf-1279-16d8-9290-67245e8b283e'),
('357a10a2-02af-4b5f-ac21-cb8890117903', 'f4e82de2-ad32-4f0a-9d96-1d0a0ed2a922', 'Chi tiền cho', NULL, '11111', 0.00, NULL, NULL, NULL, NULL, NULL),
('3667fcb5-1dc2-1281-a075-2a7ae1c799c8', '4c23f8b5-378c-4c80-e23d-c9e9e9038fe2', 'Chi tiền cho', '1123', '11117', 18551.95, '2012-12-06 10:04:30', 'Loren Bader', 'Jesse Naylor', '1984-06-20 06:54:41', '1f22399e-14b4-5c2b-8132-6a1673ffca7c'),
('369e22f6-221c-56bd-852a-acc8fc2f00af', '4a4c7550-5ee4-1843-e13d-c9e9e9038fe2', 'Chi tiền cho', '1127', '11116', 5247.92, '1970-01-01 01:27:28', 'Juliet Bordelon', NULL, NULL, NULL),
('381c645b-5faf-335d-4329-0204eeb736fa', '3735267c-70eb-3878-f888-479bce9b28fc', 'Chi tiền cho', '1123', '11115', 75156.44, '2009-03-17 11:58:11', 'Myung Dowd', NULL, NULL, NULL),
('39bcc42a-41e8-56e3-adc1-8e252c39bb73', '3735267c-70eb-3878-f888-479bce9b28fc', 'Chi tiền cho', '1123', '11117', 80744.42, '1970-01-01 00:00:02', 'Winford Bernard', 'Mistie Mcmahan', '1981-12-23 22:56:53', '3f66f2d6-688b-4161-5f92-08c864661f9c'),
('3a059606-6b9b-251d-4829-0204eeb736fa', '1944b789-48b3-5241-f588-479bce9b28fc', 'Chi tiền cho', '1125', '11116', 86800.40, '2012-10-04 21:59:42', 'Roman Gomez', 'Adolfo Ramon', '1990-04-25 11:49:48', '2fb0b105-7808-503a-76dd-867949feb8b5'),
('3ac07f71-2a4f-7b22-0801-2997b7e81c24', '1ae1fc8d-3cd6-7f4e-a226-71cca92946bf', 'Chi tiền cho', '1123', '11111', 7808.60, '1978-05-12 14:54:07', 'Cornell Sibley', 'Kenneth Abernathy', '1976-02-02 17:19:12', '284ccb05-337b-7e6f-9090-67245e8b283e'),
('3b4dfb92-4df0-335b-ca0c-0dd710d1548d', '6372ae64-666a-386b-7732-03c92da59c43', 'Chi tiền cho', '1123', '11111', 38236.42, '2020-10-25 08:18:32', 'Kim Escobar', 'Alaina Merriman', '1970-01-01 00:00:08', '53f6b59c-6af6-4204-6292-08c864661f9c'),
('3b572f28-195a-18fb-b6e4-cbefc3792353', '174ffc6c-4080-4bc3-a126-71cca92946bf', 'Chi tiền cho', '1125', '11112', 90881.92, '2013-01-12 05:30:13', 'Laurie Knutson', 'Sherwood Maness', '1997-11-08 02:18:15', '47f60f67-6087-2a86-abdb-e5d54223c257'),
('3b57e252-4ad1-7aad-b5e4-cbefc3792353', '58e39eac-7bef-436e-eb36-63d5d5eff719', 'Chi tiền cho', '1123', '11111', 52419.71, '1992-12-13 05:33:06', 'Lynn Devito', 'Lyman Ernst', '1999-04-14 16:38:48', '6764ab86-6fcc-2757-8032-6a1673ffca7c'),
('3b82d534-3f90-28b8-cb0c-0dd710d1548d', '3735267c-70eb-3878-f888-479bce9b28fc', 'Chi tiền cho', '1124', '11115', 90849.90, '1980-03-01 01:24:29', 'Delmer Hess', 'Elvin Amos', '1970-01-01 01:56:53', '20d0b9f3-3e65-1639-9d7d-e8c757976496'),
('3d9f943c-13ab-6f79-a375-2a7ae1c799c8', '67863ddd-1c48-1dcc-8d5e-60fe4d31c979', 'Chi tiền cho', '1123', '11114', 99337.35, '2021-12-19 05:15:57', 'Antonina Marchand', 'Mana Bostick', '1970-11-29 21:50:15', '17120d02-6ab5-3e43-18cb-66948daf6128'),
('3e128bcd-6f37-235d-c40c-0dd710d1548d', '153105e0-6702-29ed-7632-03c92da59c43', 'Chi tiền cho', '1123', '11116', 2063.51, '1970-01-01 01:36:53', 'Joy Church', 'Moises Brewer', '1970-01-01 01:48:41', '4760d71f-6e2f-5b32-19cb-66948daf6128'),
('3e215306-6cea-7d33-b7e4-cbefc3792353', '1ae1fc8d-3cd6-7f4e-a226-71cca92946bf', 'Chi tiền cho', '1126', '11111', 58702.07, '1990-09-17 06:07:56', 'Matthew Putnam', 'Barbra Quarles', '1988-02-04 05:50:46', '6764ab86-6fcc-2757-8032-6a1673ffca7c'),
('40bf870e-4bc3-2f45-c80c-0dd710d1548d', '7c7907fa-630d-24ef-8f7d-817a123d365d', NULL, '1126', '11117', 74042.37, NULL, NULL, 'Refugio Dawkins', '1975-02-15 15:18:55', '7abe18db-2b8a-5fcb-aedb-e5d54223c257'),
('417ca6e2-1840-20f2-862a-acc8fc2f00af', '4a4c7550-5ee4-1843-e13d-c9e9e9038fe2', 'Chi tiền cho', '1127', '11112', 608.63, '1986-02-15 15:43:14', 'Concepcion Yanez', 'Bert Acevedo', '1998-10-24 06:48:48', '3ab17eb8-4928-4275-8332-6a1673ffca7c'),
('421e2782-45f7-4711-4729-0204eeb736fa', '4a4c7550-5ee4-1843-e13d-c9e9e9038fe2', 'Chi tiền cho', '1123', '11115', 8929.52, '1971-09-01 15:32:40', 'Suzi Amador', 'Abram Darden', '1970-01-01 00:00:54', '469b3ece-744a-45d5-957d-e8c757976496'),
('427b1814-60ed-47cf-edb5-aae5d250830a', '527894c4-1c83-7d9e-f788-479bce9b28fc', 'Chi tiền cho', '1123', '11112', 29329.92, '2006-06-05 01:20:34', 'Lottie Almanza', 'Garth Stahl', '2008-04-19 21:35:27', '20d0b9f3-3e65-1639-9d7d-e8c757976496'),
('42d62f66-610e-1f31-2cde-835209209de0', '39446ba3-3071-7af6-a5a9-deaf32c96293', NULL, '1124', '11117', 8980.56, NULL, NULL, 'Derick Squires', '1970-01-01 00:03:03', '5608f456-3b97-2e05-5d92-08c864661f9c'),
('44b37cd4-36f8-4c5b-abc1-8e252c39bb73', '153105e0-6702-29ed-7632-03c92da59c43', 'Chi tiền cho', '1126', '11112', 70585.91, '1970-01-01 00:13:57', 'Page Gann', 'Antonia Dancy', '1970-01-01 00:01:22', '47f60f67-6087-2a86-abdb-e5d54223c257'),
('45b3d25e-5546-45e9-0d01-2997b7e81c24', '4c23f8b5-378c-4c80-e23d-c9e9e9038fe2', 'Chi tiền cho', '1123', '11111', 29705.12, '2020-07-30 19:39:09', 'Vinita Freund', NULL, NULL, '7bec5682-21c4-666f-a8db-e5d54223c257'),
('4670b40b-7c68-40b2-f2b5-aae5d250830a', '153105e0-6702-29ed-7632-03c92da59c43', 'Chi tiền cho', '1123', '11113', 24398.02, '1970-01-01 00:01:30', 'Bessie Sweet', 'Efren Willson', '1970-01-01 00:12:49', '7abe18db-2b8a-5fcb-aedb-e5d54223c257'),
('46e234d2-ff94-4d29-9590-420c0caacc1b', '0bb7ea45-6768-4cee-a3ff-a4a3addba309', 'Chi tiền cho', '1126', '11111', 4773.96, NULL, NULL, NULL, NULL, '7325f44f-127c-240c-afdb-e5d54223c257'),
('4808116f-ba93-4918-bd0e-0a6f96376878', 'a5622320-9d48-4b7e-97f8-2197aceb4d9c', 'Chi tiền cho', '1126', '11114', 51855.27, NULL, NULL, NULL, NULL, '3ef08d53-5bf3-1e97-9790-67245e8b283e'),
('487befbc-7c2a-3ac3-872a-acc8fc2f00af', '6372ae64-666a-386b-7732-03c92da59c43', 'Chi tiền cho', '1127', '11112', 842.76, '2009-10-29 10:39:34', 'Verla Wenger', 'Dewitt Heredia', '1993-12-09 03:16:02', '439cdac8-4380-1e2d-0f63-eeb1d8ed8cef'),
('48ace7c9-368a-4e58-84cb-cfb82a0cc126', 'de1357d4-be88-4f64-8f47-b5d009ca4043', 'Chi tiền cho', NULL, '11111', 0.00, NULL, NULL, NULL, NULL, NULL),
('492e5de6-2d6f-1574-4629-0204eeb736fa', '71a5d760-185e-3522-ea36-63d5d5eff719', 'Chi tiền cho', '1126', '11111', 4773.96, '2011-07-26 14:33:47', 'Anita Hedges', 'Lanora Asbury', '1978-10-17 23:30:54', '34cde64f-62e4-186c-77dd-867949feb8b5'),
('4aecc8b0-7071-3081-c60c-0dd710d1548d', '4a4c7550-5ee4-1843-e13d-c9e9e9038fe2', 'Chi tiền cho', '1123', '11116', 63990.14, '2004-09-25 22:29:25', 'Ray Luckett', 'Evan Candelaria', '1980-12-18 06:01:30', '1ded3dd7-32db-5bc9-9190-67245e8b283e'),
('4c06e440-6942-4221-b3e4-cbefc3792353', '48b51439-3625-6c0c-7532-03c92da59c43', 'Chi tiền cho', '1126', '11117', 73961.10, '2009-08-19 18:26:48', 'Santos Cowles', 'Irving Dupre', '1973-11-04 09:06:17', '14c0ce35-1687-459c-1acb-66948daf6128'),
('4d79b6cb-6e6c-245b-4229-0204eeb736fa', '2102924a-510c-7251-a026-71cca92946bf', 'Chi tiền cho', '1127', '11111', 5812.63, '1970-01-01 02:40:32', 'Temika Hook', 'Dario Vance', '2003-01-17 04:12:36', '6764ab86-6fcc-2757-8032-6a1673ffca7c'),
('4ddef077-112a-710f-b0c1-8e252c39bb73', '73612d31-3ee3-7447-8e7d-817a123d365d', 'Chi tiền cho', '1127', '11117', 54135.95, '1981-09-11 10:44:47', 'Chauncey Beall', 'Adaline Waller', '1994-02-21 14:32:30', '469b3ece-744a-45d5-957d-e8c757976496'),
('4deb7bab-1210-21a4-bae4-cbefc3792353', '73612d31-3ee3-7447-8e7d-817a123d365d', 'Chi tiền cho', '1127', '11111', 5116.00, '1970-01-01 01:19:34', 'Fernando Chesser', 'Vicente Aguilar', '1978-05-24 13:52:05', '4c2386b1-57fb-15fa-1063-eeb1d8ed8cef'),
('4e96c84a-2f05-44c3-f5b5-aae5d250830a', '527894c4-1c83-7d9e-f788-479bce9b28fc', 'Chi tiền cho', '1123', '11113', 25745.36, '1970-01-01 01:01:16', 'Barton Lanham', 'Matt Bynum', '1987-09-30 19:37:02', '5b2fcdf5-2050-7cb2-8f90-67245e8b283e'),
('4ee0b2e1-6e22-2c1e-a199-4d3edfe18939', '4c23f8b5-378c-4c80-e23d-c9e9e9038fe2', 'Chi tiền cho', '1123', '11111', 78816.38, '1982-07-21 17:23:24', 'Arlene Ybarra', 'Luna Adler', '1981-06-18 20:52:19', '2fb0b105-7808-503a-76dd-867949feb8b5'),
('4ef42792-4d27-23d2-9b99-4d3edfe18939', '73612d31-3ee3-7447-8e7d-817a123d365d', 'Chi tiền cho', '1127', '11115', 43864.66, '1970-01-01 00:10:09', 'Alice Desantis', 'Florrie Browder', '1978-04-11 14:19:57', '4760d71f-6e2f-5b32-19cb-66948daf6128'),
('50a57f9b-5cd0-4e34-4129-0204eeb736fa', '73612d31-3ee3-7447-8e7d-817a123d365d', 'Chi tiền cho', '1123', '11111', 77014.26, '1983-08-12 08:38:23', 'Carmel Crain', 'Jacob Acuna', '1970-01-01 00:00:05', '47f60f67-6087-2a86-abdb-e5d54223c257'),
('51bf90cb-53bf-21af-4a29-0204eeb736fa', '786019cb-7e1c-2ab9-d2eb-e423f1575e00', 'Chi tiền cho', '1125', '11116', 95038.92, '1989-12-28 19:55:32', 'Jamie Andrews', 'Michael Bartlett', '1990-11-28 13:59:29', '20d0b9f3-3e65-1639-9d7d-e8c757976496'),
('51dc4120-17f5-2cfb-f0b5-aae5d250830a', '71a5d760-185e-3522-ea36-63d5d5eff719', 'Chi tiền cho', '1126', '11114', 7692.52, '1970-01-01 00:01:19', 'Barrett Solomon', NULL, NULL, NULL),
('5377db31-6fb2-3491-f3b5-aae5d250830a', '71952621-23c8-61d2-d0eb-e423f1575e00', 'Chi tiền cho', '1123', '11113', 80958.03, '2010-03-05 17:53:29', 'Josiah Sample', 'Verlie Colby', '1970-01-01 00:08:18', '6c97b353-5d7d-4095-1dcb-66948daf6128'),
('537f1d22-1428-3a5a-0701-2997b7e81c24', '4f49d583-2ab7-44f0-8adb-f21ac591aca5', 'Chi tiền cho', '1126', '11114', 51855.27, '1992-06-23 00:35:47', 'Abby Abernathy', 'Alex Correia', '1972-10-01 00:47:30', '1f74cd3f-6de4-5324-0180-e8e2a817c80e'),
('54b4739a-2ddd-77f0-882a-acc8fc2f00af', '61608d17-702d-61ca-f688-479bce9b28fc', NULL, '1126', '11114', 52394.86, NULL, NULL, 'Abigail Acevedo', '1970-01-01 00:10:28', '404fe340-1fd3-414b-aadb-e5d54223c257'),
('55068fee-1a3b-6ee9-2dde-835209209de0', '1ae1fc8d-3cd6-7f4e-a226-71cca92946bf', 'Chi tiền cho', '1127', '11114', 32179.36, '1996-10-02 19:19:19', 'Rodolfo Vick', 'Antonio Belanger', '2021-12-07 09:14:28', '11452b0c-768e-5ff7-0d63-eeb1d8ed8cef'),
('5689a9c9-34f6-401e-9f99-4d3edfe18939', '19029793-2caa-7372-e03d-c9e9e9038fe2', 'Chi tiền cho', '1127', '11116', 46602.76, '1970-01-01 00:01:05', 'Tabatha Chavarria', 'Lettie Murry', '1970-01-01 00:01:34', '7623d42f-35f4-1ce5-987d-e8c757976496'),
('5712bbe2-5d36-269a-4029-0204eeb736fa', '423d5b84-2191-6cce-df3d-c9e9e9038fe2', 'Chi tiền cho', '1125', '11111', 5778.72, '1970-01-01 01:36:19', 'Moshe Wilkinson', 'Onita Kurtz', '1970-01-01 00:42:09', '47f60f67-6087-2a86-abdb-e5d54223c257'),
('57bb6657-794f-1158-bbe4-cbefc3792353', '73612d31-3ee3-7447-8e7d-817a123d365d', 'Chi tiền cho', '1125', '11111', 89.27, '1970-01-01 00:08:45', 'Shandra Gould', 'Johnie Gatlin', '2008-12-02 03:51:04', '1152da18-24d8-65b6-0380-e8e2a817c80e'),
('5aa1d37c-74b5-6b49-c90c-0dd710d1548d', '48c0e033-30af-2811-89db-f21ac591aca5', NULL, '1123', '11112', 76176.50, NULL, NULL, 'Eura Coles', '1999-06-30 10:01:10', '52f7159d-5242-1af8-9c7d-e8c757976496'),
('60b528b8-1e15-4791-a275-2a7ae1c799c8', '7c7907fa-630d-24ef-8f7d-817a123d365d', 'Chi tiền cho', '1124', '11113', 56662.58, '2009-06-19 22:07:33', 'Jermaine Bowie', 'Emil Lyles', '1991-03-18 06:02:06', '60084fec-3509-2779-8432-6a1673ffca7c'),
('6118a7ff-742b-25db-a9c1-8e252c39bb73', '71a5d760-185e-3522-ea36-63d5d5eff719', 'Chi tiền cho', '1127', '11116', 569.94, '1970-01-01 00:09:30', 'Takisha Hagan', 'Stacey Mccune', '1996-07-04 12:15:20', '284ccb05-337b-7e6f-9090-67245e8b283e'),
('61cc038b-3ccf-196d-2bde-835209209de0', '61608d17-702d-61ca-f688-479bce9b28fc', 'Chi tiền cho', '1123', '11115', 8442.76, '1994-10-03 23:34:47', 'Bernardine Loomis', 'Holly Estrada', '2018-04-26 06:16:16', '1152da18-24d8-65b6-0380-e8e2a817c80e'),
('643bbbfa-17f4-3102-0a01-2997b7e81c24', '71952621-23c8-61d2-d0eb-e423f1575e00', 'Chi tiền cho', '1123', '11115', 9631.86, '1977-08-25 18:20:03', 'Abe Bock', 'Shakira Siegel', '1979-07-18 17:41:18', '1f8d7e46-1d1e-335f-79dd-867949feb8b5'),
('65fbd1c8-561c-547f-2ade-835209209de0', '6372ae64-666a-386b-7732-03c92da59c43', 'Chi tiền cho', '1125', '11111', 5.34, '1970-01-01 00:00:06', 'Arturo Cole', NULL, NULL, NULL),
('663bbae0-498a-7076-892a-acc8fc2f00af', '447816de-6069-15bf-de3d-c9e9e9038fe2', 'Chi tiền cho', '1127', '11113', 60788.83, '2003-06-12 23:10:58', 'Senaida Ojeda', 'Otelia Thayer', '1980-10-26 10:08:59', '1ded3dd7-32db-5bc9-9190-67245e8b283e'),
('697bc7f2-20a4-3bb3-b2c1-8e252c39bb73', '2102924a-510c-7251-a026-71cca92946bf', 'Chi tiền cho', '1124', '11116', 88.30, '1970-01-01 00:01:26', 'Cory Heath', 'Cecille Singleton', '1970-01-01 00:00:03', '4760d71f-6e2f-5b32-19cb-66948daf6128'),
('69badedd-678a-4647-a299-4d3edfe18939', '1ae1fc8d-3cd6-7f4e-a226-71cca92946bf', 'Chi tiền cho', '1123', '11111', 42.55, '2010-11-28 03:53:02', 'Ada Abel', NULL, NULL, '439cdac8-4380-1e2d-0f63-eeb1d8ed8cef'),
('6b19b4ee-7366-54ac-30de-835209209de0', '4a4c7550-5ee4-1843-e13d-c9e9e9038fe2', 'Chi tiền cho', '1127', '11115', 77303.17, '1970-01-01 00:06:59', 'Lester Alvarez', 'Carlena Holcomb', '1976-05-11 18:03:08', '7325f44f-127c-240c-afdb-e5d54223c257'),
('6be49482-2599-2757-35de-835209209de0', '423d5b84-2191-6cce-df3d-c9e9e9038fe2', 'Chi tiền cho', '1126', '11112', 10693.47, '1970-01-01 00:00:43', 'Brooks Paine', 'Argentina Abel', '1970-01-01 00:03:52', '7abe18db-2b8a-5fcb-aedb-e5d54223c257'),
('6c112468-3598-188e-2ede-835209209de0', '48c0e033-30af-2811-89db-f21ac591aca5', 'Chi tiền cho', '1123', '11117', 72125.19, '1988-08-09 04:25:48', 'Ehtel Adler', NULL, NULL, NULL),
('6c6d7b06-2d61-41c5-a3aa-fcc2f6fc439c', '7298fc27-90e3-4933-9789-1a849034bb06', 'Chi tiền cho', NULL, '11111', 0.00, NULL, NULL, NULL, NULL, NULL),
('6c8c2dea-5d2d-746f-0901-2997b7e81c24', '4c23f8b5-378c-4c80-e23d-c9e9e9038fe2', 'Chi tiền cho', '1123', '11115', 67125.06, '1982-12-17 21:50:01', 'Dusty Serrano', 'John Gaddy', '2007-07-27 20:15:35', '2dcedb9c-6c32-7d27-977d-e8c757976496'),
('6db0df65-13aa-7da7-33de-835209209de0', '58e39eac-7bef-436e-eb36-63d5d5eff719', 'Chi tiền cho', '1123', '11111', 3675.51, '1970-01-01 01:25:17', 'King Rich', 'Marcus Bonilla', '1970-01-01 00:11:46', '2dcedb9c-6c32-7d27-977d-e8c757976496'),
('6ed4c996-741b-3446-eeb5-aae5d250830a', '1944b789-48b3-5241-f588-479bce9b28fc', 'Chi tiền cho', '1123', '11111', 0.05, '1970-01-01 00:00:01', 'Emery Cochran', 'Norberto Abreu', '2002-11-17 11:41:28', '6081dc00-4df0-5184-9690-67245e8b283e'),
('712929e7-477f-6e15-2fde-835209209de0', '39446ba3-3071-7af6-a5a9-deaf32c96293', 'Chi tiền cho', '1123', '11114', 35290.75, '2010-06-13 23:49:13', 'Leon Whitten', 'See Hoyt', '2009-09-04 12:22:50', '6a4d99cd-242a-6200-7add-867949feb8b5'),
('73dacf44-1a6c-6d83-c70c-0dd710d1548d', '1cab3f5f-2daa-759f-e936-63d5d5eff719', 'Chi tiền cho', '1126', '11116', 4047.81, '2017-05-04 16:56:33', 'Anastasia Abney', 'Agustin Callahan', '1981-10-04 04:50:38', '4c2386b1-57fb-15fa-1063-eeb1d8ed8cef'),
('744dbe4b-32cd-6b08-32de-835209209de0', '1ae1fc8d-3cd6-7f4e-a226-71cca92946bf', 'Chi tiền cho', '1123', '11114', 48278.31, '1970-01-01 01:07:28', 'Irving Carr', 'Brittanie Aldridge', '2017-07-09 13:35:01', '247986de-4165-651a-9490-67245e8b283e'),
('759cf7c8-1d08-5f03-a475-2a7ae1c799c8', '7c7907fa-630d-24ef-8f7d-817a123d365d', NULL, '1127', '11111', 2349.58, NULL, NULL, 'Jesusa Posey', '1986-10-21 20:20:42', '30c8ee28-58a3-22f2-5e92-08c864661f9c'),
('76f19e79-7669-7fbf-f4b5-aae5d250830a', '527894c4-1c83-7d9e-f788-479bce9b28fc', 'Chi tiền cho', '1124', '11116', 23782.76, '1970-01-01 00:01:29', 'Theressa Doss', 'Maybelle Abbott', '1976-04-26 16:57:40', '7686595d-16d5-33b3-0080-e8e2a817c80e'),
('77bbde9a-7f1b-2323-b9e4-cbefc3792353', '48c0e033-30af-2811-89db-f21ac591aca5', 'Chi tiền cho', '1126', '11116', 32093.20, '1992-04-06 06:30:30', 'Garret Bundy', 'Leopoldo Goddard', '2007-02-10 17:40:39', '5608f456-3b97-2e05-5d92-08c864661f9c'),
('77e12fdd-279a-43f8-9213-27bf5fa09d6c', '55ab1729-8cd2-4dda-9e6f-e2ced2f0082c', 'Chi tiền cho', '1126', '11114', 51855.27, NULL, NULL, NULL, NULL, '3ef08d53-5bf3-1e97-9790-67245e8b283e'),
('799e147a-7a5f-1fce-0601-2997b7e81c24', '2102924a-510c-7251-a026-71cca92946bf', 'Chi tiền cho', '1126', '11111', 13575.02, '1980-03-17 18:58:33', 'Gaylord Whitworth', 'Letha Begley', '1981-02-02 16:54:25', '6916f8cf-1279-16d8-9290-67245e8b283e'),
('7b6e6577-4059-6c7d-b1c1-8e252c39bb73', '174ffc6c-4080-4bc3-a126-71cca92946bf', 'Chi tiền cho', '1123', '11115', 33305.69, '2004-11-29 14:15:50', 'Rhea Stroud', 'Darcey Winstead', '1970-01-01 00:00:04', '14c0ce35-1687-459c-1acb-66948daf6128'),
('7cc1d6cc-118b-3d57-34de-835209209de0', '1944b789-48b3-5241-f588-479bce9b28fc', NULL, '1126', '11111', 92360.56, NULL, NULL, NULL, NULL, '34cde64f-62e4-186c-77dd-867949feb8b5'),
('7d0ea0ec-3a10-75b9-aec1-8e252c39bb73', '1ae1fc8d-3cd6-7f4e-a226-71cca92946bf', 'Chi tiền cho', '1124', '11114', 76735.79, '1995-01-13 09:38:03', 'Rolando Alvarado', NULL, NULL, NULL),
('7dffc738-249f-4e30-8b2a-acc8fc2f00af', '71a5d760-185e-3522-ea36-63d5d5eff719', 'Chi tiền cho', '1124', '11112', 52.32, '1997-06-27 06:32:26', 'Lisbeth Muller', 'Arthur Abbott', '1970-01-01 00:05:09', '1ded3dd7-32db-5bc9-9190-67245e8b283e'),
('7ef6cb0d-70d2-7d69-4b29-0204eeb736fa', '71a5d760-185e-3522-ea36-63d5d5eff719', 'Chi tiền cho', '1123', '11111', 329.97, '2015-06-13 05:05:18', 'Odis Mccain', 'Deeanna Wiseman', '1970-01-01 00:00:05', '46f514e3-3598-177c-6192-08c864661f9c'),
('7f17104c-30e1-48f4-9c99-4d3edfe18939', '2102924a-510c-7251-a026-71cca92946bf', 'Chi tiền cho', '1123', '11114', 836.02, '1978-11-04 18:54:39', 'Ashanti Casillas', 'Carolann Crowe', '1996-04-18 02:26:49', '7325f44f-127c-240c-afdb-e5d54223c257'),
('8ea76e2f-d596-4da6-bf64-c1cc376e9222', '0bb7ea45-6768-4cee-a3ff-a4a3addba309', 'Chi tiền cho', '1126', '11114', 7692.52, NULL, NULL, NULL, NULL, '7325f44f-127c-240c-afdb-e5d54223c257'),
('8f75850a-5492-4901-99ae-4e128da5f9aa', 'c8c6e1e4-6937-443b-bcd9-49d8e1c226a8', 'Chi tiền cho', NULL, '11111', 0.00, NULL, NULL, NULL, NULL, NULL),
('b5a4c64c-71d1-4710-a1bf-9ecc5e432b11', '55ab1729-8cd2-4dda-9e6f-e2ced2f0082c', 'Chi tiền cho', '1124', '11117', 43266.28, NULL, NULL, NULL, NULL, '6c97b353-5d7d-4095-1dcb-66948daf6128'),
('c26daa54-6971-42ad-8335-f593ca1908a1', '0bb7ea45-6768-4cee-a3ff-a4a3addba309', 'Chi tiền cho', '1127', '11116', 569.94, NULL, NULL, NULL, NULL, '284ccb05-337b-7e6f-9090-67245e8b283e'),
('cf95def6-0eea-4916-8ef5-02c91ac1910a', 'a5622320-9d48-4b7e-97f8-2197aceb4d9c', 'Chi tiền cho', '1124', '11117', 43266.28, NULL, NULL, NULL, NULL, '7325f44f-127c-240c-afdb-e5d54223c257'),
('f1bb0ec6-4c53-4e8d-97a0-1bc944ee2949', 'a3868b27-c33a-4ecd-91cf-45b7382f6d35', 'Chi tiền cho', '1126', '11114', 51855.27, NULL, NULL, NULL, NULL, '3ef08d53-5bf3-1e97-9790-67245e8b283e'),
('f23ec765-a32c-495e-a17e-77ce1062fe3d', '0bb7ea45-6768-4cee-a3ff-a4a3addba309', 'Chi tiền cho', '1124', '11112', 52.32, NULL, NULL, NULL, NULL, '1ded3dd7-32db-5bc9-9190-67245e8b283e'),
('f61e23fd-97b5-4bbb-8103-b2709f2afd9a', 'a3868b27-c33a-4ecd-91cf-45b7382f6d35', 'Chi tiền cho', '1124', '11117', 43266.28, NULL, NULL, NULL, NULL, '7325f44f-127c-240c-afdb-e5d54223c257'),
('f93e57dc-50d1-4852-aecb-13fee1d4442c', '50272c6a-39b2-4f68-b594-269816b3dfc2', 'Chi tiền cho', NULL, '11111', 0.00, NULL, NULL, NULL, NULL, NULL),
('fac62c5a-13f0-45d1-bba1-4d6dfe3d81a8', '0bb7ea45-6768-4cee-a3ff-a4a3addba309', 'Chi tiền cho', '1123', '11111', 329.97, NULL, NULL, NULL, NULL, '46f514e3-3598-177c-6192-08c864661f9c');

-- 
-- Dumping data for table AccountObjectGroup
--
INSERT INTO AccountObjectGroup VALUES
('3f8e6896-4c7d-15f5-a018-75d8bd200d7c', 'NCC-111', 'Sản xuất tiêu dùng ', '1970-01-01 02:13:43', 'Norris Calderon', '2014-11-24 23:43:46', 'Elwood Ligon'),
('45ac3d26-18f2-18a9-3031-644313fbb055', 'NCC-112', 'Dịch vụ', '1972-09-12 08:14:13', 'Aileen Pitts', '1996-09-14 03:31:03', 'Courtney Abernathy'),
('78aafe4a-67a7-2076-3bf3-eb0223d0a4f7', 'NCC-114', 'Sản xuất công nghiệp ', '2008-09-05 16:27:46', 'Trey Christopher', '2004-04-20 17:47:05', 'Natashia Blaylock'),
('7c4f14d8-66fb-14ae-198f-6354f958f4c0', 'NCC-113', 'Sản xuất nông nghiệp', '2003-01-23 12:12:00', 'Alaine Hickey', '2010-10-08 12:33:26', 'Rose Aiello');

-- 
-- Restore previous SQL mode
-- 
/*!40101 SET SQL_MODE=@OLD_SQL_MODE */;

-- 
-- Enable foreign keys
-- 
/*!40014 SET FOREIGN_KEY_CHECKS = @OLD_FOREIGN_KEY_CHECKS */;