--
-- Script was generated by Devart dbForge Studio 2020 for MySQL, Version 9.0.338.0
-- Product home page: http://www.devart.com/dbforge/mysql/studio
-- Script date 24/02/2022 11:01:56 AM
-- Server version: 10.3.32
-- Client version: 4.1
--

-- 
-- Disable foreign keys
-- 
/*!40014 SET @OLD_FOREIGN_KEY_CHECKS=@@FOREIGN_KEY_CHECKS, FOREIGN_KEY_CHECKS=0 */;

-- 
-- Set SQL mode
-- 
/*!40101 SET @OLD_SQL_MODE=@@SQL_MODE, SQL_MODE='NO_AUTO_VALUE_ON_ZERO' */;

-- 
-- Set character set the client will use to send SQL statements to the server
--
SET NAMES 'utf8';

--
-- Set default database
--
USE `MISA.WEB12.HOAIPT2`;

--
-- Drop table `AccountObjectGroup`
--
DROP TABLE IF EXISTS AccountObjectGroup;

--
-- Drop table `AccountObject`
--
DROP TABLE IF EXISTS AccountObject;

--
-- Drop table `PayAccount`
--
DROP TABLE IF EXISTS PayAccount;

--
-- Drop table `PaymentTerm`
--
DROP TABLE IF EXISTS PaymentTerm;

--
-- Drop procedure `Proc_GetEmployeePaging`
--
DROP PROCEDURE IF EXISTS Proc_GetEmployeePaging;

--
-- Drop view `View_AllEmployee`
--
DROP VIEW IF EXISTS View_AllEmployee CASCADE;

--
-- Drop view `View_AllEmployeeCode`
--
DROP VIEW IF EXISTS View_AllEmployeeCode CASCADE;

--
-- Drop view `View_ExportEmployee`
--
DROP VIEW IF EXISTS View_ExportEmployee CASCADE;

--
-- Drop table `Employee`
--
DROP TABLE IF EXISTS Employee;

--
-- Drop view `View_AllDepartment`
--
DROP VIEW IF EXISTS View_AllDepartment CASCADE;

--
-- Drop table `Department`
--
DROP TABLE IF EXISTS Department;

--
-- Set default database
--
USE `MISA.WEB12.HOAIPT2`;

--
-- Create table `Department`
--
CREATE TABLE Department (
  DepartmentId char(36) NOT NULL DEFAULT '' COMMENT 'Khóa chính',
  DepartmentName varchar(255) NOT NULL DEFAULT '' COMMENT 'Tên phòng ban',
  Description varchar(255) DEFAULT NULL COMMENT 'Mô tả phòng ban',
  CreatedDate datetime DEFAULT NULL COMMENT 'Ngày tạo phòng ban',
  CreatedBy varchar(255) DEFAULT NULL COMMENT 'Tạo bởi người',
  ModifiedDate datetime DEFAULT NULL COMMENT 'Thời gian cập nhật',
  ModifiedBy varchar(255) DEFAULT NULL COMMENT 'Người cập nhật',
  PRIMARY KEY (DepartmentId)
)
ENGINE = INNODB,
AVG_ROW_LENGTH = 3276,
CHARACTER SET utf8,
COLLATE utf8_general_ci,
COMMENT = 'Phòng ban';

--
-- Create view `View_AllDepartment`
--
CREATE
DEFINER = 'dev'@'%'
VIEW View_AllDepartment
AS
SELECT
  `d`.`DepartmentId` AS `DepartmentId`,
  `d`.`DepartmentName` AS `DepartmentName`,
  `d`.`Description` AS `Description`,
  `d`.`CreatedDate` AS `CreatedDate`,
  `d`.`CreatedBy` AS `CreatedBy`,
  `d`.`ModifiedDate` AS `ModifiedDate`,
  `d`.`ModifiedBy` AS `ModifiedBy`
FROM `Department` `d`;

--
-- Create table `Employee`
--
CREATE TABLE Employee (
  EmployeeId char(36) NOT NULL DEFAULT '' COMMENT 'Khóa chính nhân viên',
  EmployeeCode char(20) NOT NULL DEFAULT '' COMMENT 'Mã nhân viên',
  FullName varchar(100) NOT NULL DEFAULT '' COMMENT 'Họ tên nhân viên',
  DateOfBirth date DEFAULT NULL COMMENT 'Ngày sinh',
  Gender int(11) DEFAULT NULL COMMENT 'Giới tính { 0: Nữ, 1: Nam, 2: Khác, null: Không xác định}',
  IdentityNumber varchar(20) DEFAULT NULL COMMENT 'Số CMND',
  IdentityDate date DEFAULT NULL COMMENT 'Ngày cấp CMND',
  IdentityPlace varchar(255) DEFAULT NULL COMMENT 'Nơi cấp CMND',
  PositionName varchar(255) DEFAULT NULL COMMENT 'Tên vị trí chức vụ',
  MobilephoneNumber varchar(10) DEFAULT NULL COMMENT 'Số ĐT di động',
  Address varchar(255) DEFAULT NULL COMMENT 'Địa chỉ',
  TelephoneNumber varchar(15) DEFAULT NULL COMMENT 'Số ĐT cố định',
  Email varchar(100) DEFAULT NULL COMMENT 'Địa chỉ email',
  BankAccountNumber varchar(255) DEFAULT NULL COMMENT 'Số tài khoản ngân hàng',
  BankBranchName varchar(255) DEFAULT NULL COMMENT 'Chi nhánh ngân hàng',
  BankName varchar(255) DEFAULT NULL COMMENT 'Tên ngân hàng',
  IsSupplier tinyint(1) DEFAULT NULL COMMENT 'true: là khách hàng; false,null: không phải là khách hàng',
  IsCustomer tinyint(1) DEFAULT NULL COMMENT 'true: là nhà cung cấp; false,null: không phải là nhà cung cấp',
  DepartmentId char(36) NOT NULL DEFAULT '' COMMENT 'Mã phòng ban',
  CreatedDate datetime DEFAULT NULL COMMENT 'Thời gian tạo nhân viên',
  CreatedBy varchar(255) DEFAULT NULL COMMENT 'Người tạo nhân viên',
  ModifiedDate datetime DEFAULT NULL COMMENT 'Thời  gian sửa nhân viên',
  ModifiedBy varchar(255) DEFAULT NULL COMMENT 'Người cập nhật nhân viên',
  PRIMARY KEY (EmployeeId)
)
ENGINE = INNODB,
AVG_ROW_LENGTH = 546,
CHARACTER SET utf8,
COLLATE utf8_general_ci,
COMMENT = 'Nhân viên';

--
-- Create index `UK_Employee_EmployeeCode` on table `Employee`
--
ALTER TABLE Employee
ADD UNIQUE INDEX UK_Employee_EmployeeCode (EmployeeCode);

--
-- Create foreign key
--
ALTER TABLE Employee
ADD CONSTRAINT FK_Employee_DeparmentId FOREIGN KEY (DepartmentId)
REFERENCES Department (DepartmentId) ON DELETE NO ACTION;

--
-- Create view `View_ExportEmployee`
--
CREATE
DEFINER = 'dev'@'%'
VIEW View_ExportEmployee
AS
SELECT
  `e`.`EmployeeCode` AS `EmployeeCode`,
  `e`.`FullName` AS `FullName`,
  `e`.`Gender` AS `Gender`,
  `e`.`DateOfBirth` AS `DateOfBirth`,
  `e`.`PositionName` AS `PositionName`,
  `d`.`DepartmentName` AS `DepartmentName`,
  `e`.`BankAccountNumber` AS `BankAccountNumber`,
  `e`.`BankName` AS `BankName`
FROM (`Employee` `e`
  LEFT JOIN `Department` `d`
    ON (`e`.`DepartmentId` = `d`.`DepartmentId`))
ORDER BY `e`.`ModifiedDate` DESC;

--
-- Create view `View_AllEmployeeCode`
--
CREATE
DEFINER = 'dev'@'%'
VIEW View_AllEmployeeCode
AS
SELECT
  `e`.`EmployeeCode` AS `EmployeeCode`
FROM `Employee` `e`;

--
-- Create view `View_AllEmployee`
--
CREATE
DEFINER = 'dev'@'%'
VIEW View_AllEmployee
AS
SELECT
  `e`.`EmployeeId` AS `EmployeeId`,
  `e`.`EmployeeCode` AS `EmployeeCode`,
  `e`.`FullName` AS `FullName`,
  `e`.`DateOfBirth` AS `DateOfBirth`,
  `e`.`Gender` AS `Gender`,
  `e`.`IdentityNumber` AS `IdentityNumber`,
  `e`.`IdentityDate` AS `IdentityDate`,
  `e`.`IdentityPlace` AS `IdentityPlace`,
  `e`.`PositionName` AS `PositionName`,
  `e`.`MobilephoneNumber` AS `MobilephoneNumber`,
  `e`.`Address` AS `Address`,
  `e`.`TelephoneNumber` AS `TelephoneNumber`,
  `e`.`Email` AS `Email`,
  `e`.`BankAccountNumber` AS `BankAccountNumber`,
  `e`.`BankBranchName` AS `BankBranchName`,
  `e`.`BankName` AS `BankName`,
  `e`.`IsSupplier` AS `IsSupplier`,
  `e`.`IsCustomer` AS `IsCustomer`,
  `e`.`CreatedDate` AS `CreatedDate`,
  `e`.`CreatedBy` AS `CreatedBy`,
  `e`.`ModifiedDate` AS `ModifiedDate`,
  `e`.`ModifiedBy` AS `ModifiedBy`,
  `d`.`DepartmentId` AS `DepartmentId`,
  `d`.`DepartmentName` AS `DepartmentName`
FROM (`Employee` `e`
  LEFT JOIN `Department` `d`
    ON (`e`.`DepartmentId` = `d`.`DepartmentId`))
ORDER BY `e`.`ModifiedDate` DESC;

DELIMITER $$

--
-- Create procedure `Proc_GetEmployeePaging`
--
CREATE DEFINER = 'dev'@'%'
PROCEDURE Proc_GetEmployeePaging (IN m_SearchText varchar(255), IN m_PageIndex int, IN m_PageSize int, OUT m_TotalRecord int, OUT m_TotalPage int)
COMMENT 'Dùng để thực hiện phân trang đồng thời tìm kiếm'
BEGIN
  -- Lấy ra tổng số bản ghi ban đầu khi chưa thực hiện gì
  SET m_TotalRecord = (SELECT
      COUNT(*)
    FROM View_AllEmployee);

  -- Thực hiện gián giá trị bằng rỗng nếu từ khóa tìm kiếm bằng null
  IF (m_SearchText IS NULL) THEN
    SET m_SearchText = '';
  END IF;

  -- Nếu mà thứ tự trang không có giá trị hoặc nhỏ hơn 1, Số trang cũng null hoặc nhỏ hơn 1
  IF (m_PageIndex IS NULL
    OR m_PageIndex < 1
    OR m_PageSize IS NULL
    OR m_PageSize < 1) THEN
    SET m_TotalPage = 1; /*Tổng số trang lúc này chỉ là duy nhất*/
    SET m_PageIndex = 1;/*Thứ tự trang cũng là đầu tiên*/
    SET m_PageSize = m_TotalRecord;/*Kích thước trang lúc này bằng đúng tổng số bản ghi ban đầu*/
  END IF;

  CREATE TEMPORARY TABLE IF NOT EXISTS tbEmployee AS (/*Tạo bảng tạm có tên tbEmployee để thực hiện tìm kiếm */
    SELECT
      @row_num := @row_num + 1 AS SortIndex,
      vee.* /*Chèn thêm số thứ tự để thực hiện phân trang*/
    FROM View_AllEmployee vee,
         (SELECT
             @row_num := 0 AS num) AS c
    WHERE vee.FullName LIKE CONCAT('%', m_SearchText, '%')
    OR vee.EmployeeCode LIKE CONCAT('%', m_SearchText, '%'));

  SET @EndIndex = m_PageIndex * m_PageSize; /*Số thứ tự Kết thúc của trang*/
  SET @StartIndex = @EndIndex - m_PageSize + 1;/*Số thứ tự Bắt đầu của trang*/
  SELECT
    *
  FROM tbEmployee
  WHERE SortIndex BETWEEN @StartIndex AND @EndIndex;/*Thực hiện lấy ra số bản ghi phân trang*/

  -- Thiết lập Lại giá trị cho tổng số bản ghi
  SET m_TotalRecord = (SELECT
      COUNT(*)
    FROM tbEmployee);

  IF (m_PageSize > 0
    AND m_TotalRecord > 0) THEN /*Nếu tồn tại bản ghi thì*/
    SET @Surplus = m_TotalRecord % m_PageSize;/*Thực hiện tìm số dư*/
    IF (@Surplus > 0) THEN/*Nếu tồn tại số dư*/
      SET m_TotalPage = m_TotalRecord DIV m_PageSize + 1;/*Số trang + 1 */
    ELSE
      SET m_TotalPage = m_TotalRecord DIV m_PageSize;
    END IF;
  ELSE
    SET m_TotalPage = 1;/*Nếu không tồn tại bản ghi nào thì số trang = 1*/
  END IF;

  DROP TABLE tbEmployee;
END
$$

DELIMITER ;

--
-- Create table `PaymentTerm`
--
CREATE TABLE PaymentTerm (
  PaymentTermId char(36) NOT NULL DEFAULT '' COMMENT 'Id của điều khoản',
  PaymentTermCode char(20) DEFAULT NULL COMMENT 'Mã điều khoản',
  PaymentTermName varchar(100) DEFAULT NULL COMMENT 'Tên điều khoản',
  CreatedBy varchar(100) DEFAULT NULL COMMENT 'Người tạo',
  CreatedDate datetime DEFAULT NULL COMMENT 'Ngày tạo',
  ModifiedBy varchar(100) DEFAULT NULL COMMENT 'Người cập nhật',
  ModifiedDate datetime DEFAULT NULL COMMENT 'Ngày cập nhật',
  PRIMARY KEY (PaymentTermId)
)
ENGINE = INNODB,
AVG_ROW_LENGTH = 2730,
CHARACTER SET utf8,
COLLATE utf8_general_ci,
COMMENT = 'Điều khoản thanh toán';

--
-- Create table `PayAccount`
--
CREATE TABLE PayAccount (
  PayAccountId char(36) NOT NULL DEFAULT '' COMMENT 'Id tài khoản công nợ',
  PayAccountCode char(20) DEFAULT NULL COMMENT 'Mã tài khoản công nợ',
  PayAccountName varchar(100) DEFAULT NULL COMMENT 'Tên tài khoản công nợ',
  CreatedBy varchar(100) DEFAULT NULL COMMENT 'Người tạo',
  CreatedDate datetime DEFAULT NULL COMMENT 'Ngày tạo',
  ModifiedBy varchar(100) DEFAULT NULL COMMENT 'Người cập nhật',
  ModifiedDate datetime DEFAULT NULL COMMENT 'Ngày cập nhật',
  PRIMARY KEY (PayAccountId)
)
ENGINE = INNODB,
AVG_ROW_LENGTH = 3276,
CHARACTER SET utf8,
COLLATE utf8_general_ci,
COMMENT = 'Tài khoản công nợ';

--
-- Create table `AccountObject`
--
CREATE TABLE AccountObject (
  AccountObjectId char(36) NOT NULL DEFAULT '' COMMENT 'Id nhà cung cấp',
  TaxCode varchar(50) DEFAULT NULL COMMENT 'Mã số thuế',
  AccountObjectCode char(20) NOT NULL DEFAULT '' COMMENT 'Mã nhà cung cấp',
  AccountObjectName varchar(255) NOT NULL DEFAULT '' COMMENT 'Tên nhà cung cấp',
  Phone varchar(50) DEFAULT NULL COMMENT 'Số điện thoại',
  Website varchar(255) DEFAULT NULL COMMENT 'Tên miền website',
  AccountObjectGroupListId longtext DEFAULT NULL COMMENT 'Danh sách nhóm nhà cung cấp',
  Address varchar(255) DEFAULT NULL COMMENT 'Địa chỉ',
  EmployeeId char(36) DEFAULT NULL COMMENT 'Id nhân viên',
  Prefix varchar(50) DEFAULT NULL COMMENT 'Xưng hô trong liên hệ',
  EinvoiceContactName varchar(100) DEFAULT NULL COMMENT 'Họ và tên người liên hệ',
  EinvoiceContactMobile varchar(50) DEFAULT NULL COMMENT 'Số điện thoại người liên hệ',
  EinvoiceContactEmail varchar(100) DEFAULT NULL COMMENT 'Email người liên hệ',
  LegalRepresentative varchar(100) DEFAULT NULL COMMENT 'Đại diện theo PL',
  PaymentTermId char(36) DEFAULT NULL COMMENT 'Id điều khoản',
  MaximizeDebtAmount decimal(10, 0) DEFAULT NULL COMMENT 'Nợ tối đa',
  DueTime int(11) DEFAULT NULL COMMENT 'Số ngày được nợ',
  AccountObjectBankAccount longtext DEFAULT NULL COMMENT 'Danh sách số tài khoản ngân hàng',
  AccountObjectShippingAddress longtext DEFAULT NULL COMMENT 'Danh sách địa chỉ',
  Country varchar(50) DEFAULT NULL COMMENT 'Đất nước',
  District varchar(50) DEFAULT NULL COMMENT 'Quận huyện',
  WardOrCommune varchar(50) DEFAULT NULL COMMENT 'Phường xã',
  ProvinceOrCity varchar(50) DEFAULT NULL COMMENT 'Thành phố',
  Description varchar(255) DEFAULT NULL COMMENT 'Ghi chú',
  CreatedBy varchar(100) DEFAULT NULL COMMENT 'Người tạo bản ghi',
  CreatedDate datetime DEFAULT NULL COMMENT 'Ngày tạo',
  ModifiedBy varchar(100) DEFAULT NULL COMMENT 'Người sửa',
  ModifiedDate datetime DEFAULT NULL COMMENT 'Ngày sửa',
  PayAccountId char(36) DEFAULT NULL COMMENT 'Mã tài khoản nợ công',
  PRIMARY KEY (AccountObjectId)
)
ENGINE = INNODB,
AVG_ROW_LENGTH = 702,
CHARACTER SET utf8,
COLLATE utf8_general_ci,
COMMENT = 'Nhà cung cấp';

--
-- Create foreign key
--
ALTER TABLE AccountObject
ADD CONSTRAINT FK_AccountObject_EmployeeId FOREIGN KEY (EmployeeId)
REFERENCES Employee (EmployeeId) ON DELETE NO ACTION;

--
-- Create foreign key
--
ALTER TABLE AccountObject
ADD CONSTRAINT FK_AccountObject_PayAccountId FOREIGN KEY (PayAccountId)
REFERENCES PayAccount (PayAccountId) ON DELETE NO ACTION;

--
-- Create foreign key
--
ALTER TABLE AccountObject
ADD CONSTRAINT FK_AccountObject_PaymentTermId FOREIGN KEY (PaymentTermId)
REFERENCES PaymentTerm (PaymentTermId) ON DELETE NO ACTION;

--
-- Create table `AccountObjectGroup`
--
CREATE TABLE AccountObjectGroup (
  AccountObjectGroupId char(36) NOT NULL DEFAULT '' COMMENT 'Id của nhóm nhà cung cấp',
  AccountObjectGroupCode varchar(20) DEFAULT NULL COMMENT 'Mã của nhóm nhà cung cấp',
  AccountObjectGroupName varchar(255) DEFAULT NULL COMMENT 'Tên của nhóm nhà cung cấp',
  CreatedDate datetime DEFAULT NULL COMMENT 'Ngày tạo',
  CreatedBy varchar(255) DEFAULT NULL COMMENT 'Người tạo',
  ModifiedDate datetime DEFAULT NULL COMMENT 'Thời gian cập nhật',
  ModifiedBy varchar(255) DEFAULT NULL COMMENT 'Người cập nhật',
  PRIMARY KEY (AccountObjectGroupId)
)
ENGINE = INNODB,
AVG_ROW_LENGTH = 4096,
CHARACTER SET utf8,
COLLATE utf8_general_ci,
COMMENT = 'Nhóm khách hàng';

-- 
-- Dumping data for table Department
--
INSERT INTO Department VALUES
('11452b0c-768e-5ff7-0d63-eeb1d8ed8cef', 'Phòng Maketing', '', '1982-07-29 10:02:05', 'Nguyễn Hồ Trang', '1989-03-10 18:44:16', 'Nguyễn Văn Tuấn'),
('142cb08f-7c31-21fa-8e90-67245e8b283e', 'Phòng nghiên cứu', '', '1970-01-01 00:07:13', 'Vũ Văn Anh', '1970-01-01 00:00:04', 'Nguyễn Tiến Huy'),
('17120d02-6ab5-3e43-18cb-66948daf6128', 'Phòng Đào tạo', '', '2018-01-31 13:32:13', 'Vũ Phương Nhung', '2016-11-07 14:52:57', 'Lý Thảo Anh'),
('469b3ece-744a-45d5-957d-e8c757976496', 'Phòng Kế toán', '', '1994-01-21 23:37:31', 'Vũ Thị Hương', '1976-06-09 21:55:42', 'Huỳnh Trí Khoa'),
('4e272fc4-7875-78d6-7d32-6a1673ffca7c', 'Phòng Nhân sự', '', '1985-07-29 01:20:08', 'Phạm Thành Tài', '1970-01-01 00:00:08', 'Lý Văn Thành');

-- 
-- Dumping data for table PaymentTerm
--
INSERT INTO PaymentTerm VALUES
('2181e1b4-3cf9-2495-bbec-c0283040ad25', 'ĐK116', 'Điều khoản 6', 'Lenita Francisco', '1981-09-23 13:29:27', 'Roosevelt Lloyd', '2009-07-03 15:12:04'),
('26a546dc-51ef-474e-ec75-f433c80be791', 'ĐK113', 'Điều khoản 3', 'Adolfo Engle', '1970-01-01 00:00:07', 'Jeromy Vanburen', '1974-12-02 12:24:20'),
('2a951a0f-259c-2832-7dcc-ee92bf437a3f', 'ĐK111', 'Điều khoản 1', 'Deeanna Abreu', '1970-08-25 02:31:41', 'Abdul Franz', '1970-01-01 00:00:01'),
('359963d8-1e69-5220-7ecc-ee92bf437a3f', 'ĐK115', 'Điều khoản 5', 'Sharika Acker', '1981-11-09 19:17:49', 'Charline Berman', '1993-06-18 14:36:53'),
('49b5613c-112f-5d16-636f-d59c8dd9bef2', 'ĐK112', 'Điều khoản 2', 'Logan Acevedo', '1975-09-27 20:17:25', 'Dana Bethea', '1973-04-10 22:48:42'),
('60b82625-3612-24de-9617-6d44a4db1359', 'ĐK114', 'Điều khoản 4', 'Marlene Krieger', '1996-03-23 05:47:30', 'Adan May', '2017-05-14 19:06:57');

-- 
-- Dumping data for table PayAccount
--
INSERT INTO PayAccount VALUES
('30d41e52-5e66-72bc-6c1c-b47866e0b131', '1135', 'Tài khoản công nợ 1', 'Antoine Banks', '1970-01-01 00:00:55', 'Ayanna Darling', '2000-09-08 13:06:17'),
('548dce5f-5f29-4617-725d-e2ec561b0f41', '4111', 'Tài khoản công nợ 4', 'Chaya Mccaffrey', '1999-01-11 20:03:06', 'Alonzo Aragon', '1970-01-01 00:00:47'),
('589edf01-198a-4ff5-958e-fb52fd75a1d4', '4234', 'Tài khoản công nợ 3', 'Aundrea Cahill', '1979-12-26 11:18:07', 'Corinne Dugas', '1976-08-23 15:23:50'),
('5bd71cda-209f-2ade-54d1-35c781481818', '5434', 'Tài khoản công nợ 2', 'Earle Caudill', '2015-03-09 19:18:28', 'Adela Alba', '1970-01-01 00:05:20'),
('68daa090-552d-1bc6-e8e4-8adc5263917a', '4555', 'Tài khoản công nợ 5', 'Zulema Ingram', '1991-02-10 01:02:41', 'Waldo Knudsen', '1970-01-01 00:01:34');

-- 
-- Dumping data for table Employee
--
INSERT INTO Employee VALUES
('11a8748f-3464-740c-28c2-579daad24557', 'NV-0017', 'Trần Phạm Nhân', '1961-12-10', 0, '030300913473', '1979-12-11', 'Nghệ An', 'Nhân viên', '0342709504', 'Nam Định', '02838391739', 'Trieu61950@gmail.com', '1010378738027', 'Nam Định', ' Xây dựng (CB)', 0, 0, '4e272fc4-7875-78d6-7d32-6a1673ffca7c', '2020-06-07 00:00:01', 'Trần Thảo Yến', '2021-10-17 10:45:28', 'Nguyễn Thảo Yến'),
('12e1b096-3542-127a-1077-d9ebc53aac3d', 'NV-0021', 'Nguyễn Ngọc Linh', '1958-01-06', 0, '030300966680', '2019-02-06', 'Sơn La', 'Kế toán', '0993853263', 'Quảng Ngãi', '02543052323', 'Phuong261@gmail.com', '1010956341291', 'Quảng Ngãi', ' Việt Nam Thương Tín (Vietbank)', 0, 0, '469b3ece-744a-45d5-957d-e8c757976496', '2021-01-01 00:00:01', 'Phạm Thùy Hương', '2021-10-10 15:31:53', 'Vũ Minh Hiếu'),
('13ede5b6-19dd-563e-1980-de64d090a2c2', 'NV-0015', 'Nguyễn Yến Anh', '1990-07-07', 2, '030300290976', '1971-01-18', 'Bắc Kạn', 'Kế toán', '0342040107', 'Bắc Giang', '02517404584', 'Tue669@gmail.com', '1010134885118', 'Bắc Giang', ' Việt Á (VietABank)', 0, 0, '4e272fc4-7875-78d6-7d32-6a1673ffca7c', '2020-08-30 00:00:01', 'Trần Văn Huy', '2021-11-23 15:18:13', 'Bùi Văn Hưng'),
('197fda97-5a35-781d-0e77-d9ebc53aac3d', 'NV-0005', 'Trần Ngọc Nhi', '1998-02-27', 1, '030300530474', '1984-04-01', 'Hà Giang', 'Nhân viên', '0355254228', 'TP Hồ Chí Minh', '02950814355', 'Thu355@gmail.com', '1010373072796', 'TP Hồ Chí Minh', ' HSBC Việt Nam (HSBC)', 1, 1, '17120d02-6ab5-3e43-18cb-66948daf6128', '2020-05-27 00:00:01', 'Nguyễn Phạm Huy', '2022-01-11 14:49:03', 'Nguyễn Bảo Hưng'),
('1e5e96fa-5d7a-599d-27c2-579daad24557', 'NV-0008', 'Nguyễn Bảo Tuấn', '1967-11-30', 2, '030300945678', '1994-02-12', 'Bắc Giang', 'Kế toán', '0952239809', 'Điện Biên', '02773036592', 'Thieu2362@gmail.com', '1010726840132', 'Điện Biên', ' Bản Việt (Viet Capital Bank)', 1, 0, '469b3ece-744a-45d5-957d-e8c757976496', '2020-10-19 00:00:01', 'Nguyễn Hồng Khánh', '2021-10-10 01:53:18', 'Nguyễn Văn Hiếu'),
('1f85f165-3ed3-370a-b7d2-89b22d10517e', 'NV-0028', 'Nguyễn Mạnh Hoàng', '1957-01-12', 1, '030300512614', '1972-03-06', NULL, 'Nhân viên', NULL, 'Tuyên Quang', '02944818897', 'Duy472@gmail.com', '1010732393203', 'Tuyên Quang', ' Hong Leong Việt Nam (HLBVN)', 1, 0, '469b3ece-744a-45d5-957d-e8c757976496', '2020-07-03 00:00:01', NULL, '2021-11-20 14:39:03', NULL),
('2356a2d8-7751-6f97-66f6-423b4e874d0f', 'NV-0026', 'Nguyễn Phúc Vinh', '2001-05-18', 1, '030300358180', '1976-05-09', 'An Giang', 'Nhân viên', '0874004624', 'Vĩnh Phúc', '02364941563', 'Mi1887@gmail.com', '1010551261873', 'Vĩnh Phúc', ' Bắc Á (Bac A Bank)', 0, 1, '142cb08f-7c31-21fa-8e90-67245e8b283e', '2020-07-12 00:00:01', 'Nguyễn Bảo Huy', '2021-12-14 01:20:37', 'Trần Trần Hiếu'),
('28cd1599-63bf-785f-4f80-7ed9d1ea06ea', 'NV-0006', 'Vũ Nhật Thùy', '1962-03-06', 0, '030300635930', '2002-12-12', 'Cao Bằng', 'Nhân viên', '0802933371', 'Bình Định', '02774618280', 'Tinh843@gmail.com', '1010083374572', 'Bình Định', ' Dầu khí toàn cầu  (GPBank)', 1, 0, '4e272fc4-7875-78d6-7d32-6a1673ffca7c', '2020-10-18 00:00:01', 'Trần Thị Anh', '2021-10-10 00:56:12', 'Đỗ Bảo Hiếu'),
('3304dddb-1b72-607f-25c2-579daad24557', 'NV-0000', 'Lê Thế Hưng', '1980-01-16', 1, '030300547499', '1984-05-11', 'Hải Dương', 'Nhân viên', '0947392495', 'Cao Bằng', '02227549424', 'Phuoc163@misa.com', '1010571128319', 'Cao Bằng', ' Bản Việt (Viet Capital Bank)', 1, 0, '17120d02-6ab5-3e43-18cb-66948daf6128', '2020-10-31 00:00:01', 'Trần Đặng Anh', '2021-12-18 09:35:32', 'Nguyễn Văn Hưng'),
('36ac2df8-2b1e-368f-cc1d-086412a8ea97', 'NV-0009', 'Vũ Văn Phong', '1972-09-28', 2, '030300397292', '2006-06-24', 'Quảng Bình', 'Nhân viên', '0302738660', 'Hải Phòng', '02901436668', 'Tue41206@gmail.com', '1010442176783', 'Hải Phòng', ' Woori Việt Nam (Woori)', 1, 0, '11452b0c-768e-5ff7-0d63-eeb1d8ed8cef', '2020-09-14 00:00:01', 'Vũ Thụy Trinh', '2021-10-10 00:00:09', 'Vũ Thị Anh'),
('407db4d1-222b-287d-0135-60b3ebf808a9', 'NV-0020', 'Vũ Mỹ Vân', '1984-06-13', 1, '030300589637', '2008-04-11', 'Lào Cai', 'Kế toán', NULL, 'Hà Nội', '02047106294', 'Ban32331@gmail.com', '1010026678052', 'Hà Nội', ' Indovina (IVB)', 1, 1, '4e272fc4-7875-78d6-7d32-6a1673ffca7c', '2020-10-15 00:00:01', 'Nguyễn Anh Hoa', '2021-12-31 18:30:13', 'Nguyễn Thị Nga'),
('409dcd1a-426a-23f7-3a35-0028ed526dd0', 'NV-0011', 'Trần Gia Thư', '1982-02-22', 1, '030300983000', '2017-03-22', 'Nam Định', 'Kế toán', '0344775110', 'Hà Nội', '02152552217', 'Khue1364@haui.com', '1010849671224', 'Hà Nội', ' Á Châu (ACB)', 0, 0, '17120d02-6ab5-3e43-18cb-66948daf6128', '2020-07-02 00:00:01', 'Nguyễn Xuân Tuấn', '2021-10-10 00:02:06', 'Trần Văn Hưng'),
('4989ff24-23e7-7b82-b6d2-89b22d10517e', 'NV-0022', 'Nguyễn Thị Thúy', '1965-11-20', 1, '030300097133', '2011-06-27', 'TP Hồ Chí Minh', 'Nhân viên', '0322587427', 'Bắc Giang', '02550170068', 'Dao382@gmail.com', '1010500269637', 'Bắc Giang', ' Public Bank Việt Nam (PBVN)', 1, 0, '142cb08f-7c31-21fa-8e90-67245e8b283e', '2020-07-26 00:00:01', 'Lý Thảo Dung', '2022-01-10 02:23:09', 'Trần Mỹ Như'),
('506acf1e-5331-67a9-0d77-d9ebc53aac3d', 'NV-0002', 'Huỳnh Văn Khang', '1965-01-14', 0, '030300383999', '1983-01-15', 'Tuyên Quang', 'Nhân viên', '0304297408', 'Gia Lai', '02272672420', 'Duyen27562@misa.com', '1010811427274', 'Gia Lai', ' Kiên Long (Kienlongbank)', 0, 0, '142cb08f-7c31-21fa-8e90-67245e8b283e', '2020-08-25 00:00:01', 'Bùi Bảo Huy', '2021-10-10 00:05:15', 'Nguyễn Huỳnh Anh'),
('524751f2-1577-523d-ce1d-086412a8ea97', 'NV-0019', 'Nguyễn Thị Nga', '1991-10-04', 0, '030300296902', '2018-02-25', 'Khánh Hòa', 'Kế toán', '0929724088', 'Bắc Kạn', '02436569346', 'Tham530@gmail.com', '1010461720067', 'Bắc Kạn', ' Bưu điện Liên Việt (LienVietPostBank)', 1, 0, '4e272fc4-7875-78d6-7d32-6a1673ffca7c', '2020-10-26 00:00:01', 'Nguyễn Như Linh', '2021-10-18 12:59:46', 'Nguyễn Văn Anh'),
('5254e49d-4368-3162-29c2-579daad24557', 'NV-0027', 'Vũ Gia Hiếu', '1979-11-02', 2, '030300372220', '2015-03-01', 'Cao Bằng', 'Nhân viên', '0361844969', 'TP Hồ Chí Minh', '02279939412', 'Tinh37178@gmail.com', '1010440514429', 'TP Hồ Chí Minh', ' UOB Việt Nam (UOB)', 0, 1, '469b3ece-744a-45d5-957d-e8c757976496', '2020-10-20 00:00:01', 'Bùi Đức Tuấn', '2021-11-03 12:47:39', 'Vũ Thảo Linh'),
('56dce332-76f0-6b9b-5080-7ed9d1ea06ea', 'NV-0016', 'Dương Phan Thành', '2001-09-19', 0, '030300630123', '2005-09-23', 'Điện Biên', 'Nhân viên', '0932685804', 'Long An', '02928038012', 'Thao399@gmail.com', '1010669351614', 'Long An', ' UOB Việt Nam (UOB)', 1, 0, '142cb08f-7c31-21fa-8e90-67245e8b283e', '2020-09-20 00:00:01', 'Nguyễn Thị Anh', '2021-12-19 15:27:05', 'Bùi Thị Thúy'),
('57cdf8c4-47e3-5560-7e41-c1ec321fe728', 'NV-0001', 'Hoàng Thị Linh', '1986-08-14', 1, '030300469685', '2006-08-26', 'Phú Thọ', 'Nhân viên', '0399522451', 'Quảng Ngãi', '02804739033', 'Ty20030@gmail.com', '1010782738115', 'Quảng Ngãi', ' Đông Á (DongA Bank)', 0, 0, '11452b0c-768e-5ff7-0d63-eeb1d8ed8cef', '2020-05-17 00:00:01', 'Bùi Tuyết Linh', '2022-01-26 12:51:16', 'Trần Thị Hà'),
('5c7f0ec4-77f2-3794-cf1d-086412a8ea97', 'NV-0023', 'Lý Văn Hưng', '1954-05-17', 1, '030300232677', '1972-05-17', 'Hà Nội', 'Kế toán', '0988230997', 'Trà Vinh', '02615156387', 'Nhan17491@gmail.com', '1010883770620', 'Trà Vinh', ' Sài Gòn – Hà Nội (SHB)', 1, 0, '469b3ece-744a-45d5-957d-e8c757976496', '2020-11-24 00:00:01', 'Nguyễn Thị Anh', '2021-10-30 18:56:46', 'Phạm Minh Linh'),
('5de704c2-573f-1a71-1a80-de64d090a2c2', 'NV-0024', 'Nguyễn Quốc Tuấn', '1952-01-07', NULL, '030300530367', '1970-01-07', NULL, 'Thư ký', '0394701671', 'Hà Nội', '02471822057', 'Ly63441@gmail.com', '1010588225176', 'Hà Nội', ' CIMB Việt Nam (CIMB)', 0, 1, '4e272fc4-7875-78d6-7d32-6a1673ffca7c', '2020-12-08 00:00:01', 'Bùi Bảo Huy', '2021-11-18 00:08:56', NULL),
('5fab4ff7-1b8e-64d0-1880-de64d090a2c2', 'NV-0007', 'Trần Thảo Anh', '1956-04-10', 1, '030300174657', '1982-04-01', 'Hà Nội', 'Nhân viên', '0947662638', 'Bà Rịa Vũng Tàu', '02114515692', 'Thu86437@gmail.com', '1010922393879', 'Bà Rịa Vũng Tàu', ' Quân Đội (MB)', 0, 0, '17120d02-6ab5-3e43-18cb-66948daf6128', '2020-12-25 00:00:01', 'Nguyễn Văn Phong', '2021-11-21 05:30:52', 'Phạm Hồ Thư'),
('62af2231-78a7-7caa-cd1d-086412a8ea97', 'NV-0014', 'Bùi Văn Vinh', '1967-11-16', 2, '030300194929', '2011-08-27', 'Trà Vinh', 'Nhân viên', '0349464453', 'TP Hồ Chí Minh', '02341401648', 'Mau574@misa.com', '1010474317825', 'TP Hồ Chí Minh', ' Bảo Việt  (BAOVIET Bank)', 1, 0, '17120d02-6ab5-3e43-18cb-66948daf6128', '2020-08-29 00:00:01', 'Phạm Văn Huy', '2021-12-18 06:24:06', 'Nguyễn Trần Hạnh'),
('677132b4-2a33-68d1-26c2-579daad24557', 'NV-0004', 'Nguyễn Phạm Thùy', '1994-02-05', 0, '030300815572', '1980-03-24', 'Thái Nguyên', 'Nhân viên', '0342014134', 'Lạng Sơn', '02930672425', 'Tu72456@gmail.com', '1010906762531', 'Lạng Sơn', ' Đại Dương (OceanBank)', 0, 1, '17120d02-6ab5-3e43-18cb-66948daf6128', '2020-07-10 00:00:01', 'Vũ Văn Nguyên', '2021-11-27 06:16:47', 'Phạm Hoài Hiếu'),
('6a763a51-4322-5c5a-b5d2-89b22d10517e', 'NV-0018', 'Vũ Anh Huy', '1970-10-03', 2, '030300878028', '2018-05-28', 'Vĩnh Phúc', 'Nhân viên', '0841995658', 'Phú Yên', '02508760619', 'Khue307@gmail.com', '1010524381772', 'Phú Yên', ' Xuất Nhập Khẩu (Eximbank)', 0, 0, '4e272fc4-7875-78d6-7d32-6a1673ffca7c', '2020-10-27 00:00:01', 'Nguyễn Thảo Thùy', '2021-10-20 06:48:38', 'Phạm Phan Thùy'),
('6b550b8f-7ff9-51bc-0f77-d9ebc53aac3d', 'NV-0012', 'Nguyễn Thụy Như', '1967-09-12', 2, '030300424746', '1990-10-25', 'TP Hồ Chí Minh', 'Kế toán', '0889516869', 'Cần Thơ', '02531413624', 'Song71626@gmail.com', '1010791686593', 'Cần Thơ', ' Công thương Việt Nam (VietinBank)', 0, 1, '142cb08f-7c31-21fa-8e90-67245e8b283e', '2020-12-19 00:00:01', 'Nguyễn Thái Khang', '2021-10-15 11:41:21', 'Lê Văn Khoa'),
('6c5b9fe7-14c9-3bb5-b4d2-89b22d10517e', 'NV-0013', 'Đỗ Thị Hạnh', '1958-09-07', 2, '030300743731', '2005-04-26', 'Thái Bình', 'Nhân viên', '0951344930', 'TP Hồ Chí Minh', '02973419262', 'Dang24398@gmail.com', '1010242909929', 'TP Hồ Chí Minh', ' Tiên Phong (TPBank)', 1, 0, '469b3ece-744a-45d5-957d-e8c757976496', '2020-06-17 00:00:01', NULL, '2021-10-10 00:49:10', 'Vũ Thảo Anh'),
('6c80a684-1cb5-41af-ff34-60b3ebf808a9', 'NV-0003', 'Vũ Văn Hưng', '1992-04-27', 0, '030300614367', '1998-01-21', 'Hưng Yên', 'Kế toán', '0875406976', 'Tiền Giang', '02820804447', 'Nhan54984@gmail.com', '1010503858956', 'Tiền Giang', ' Quốc dân (NCB)', 1, 0, '4e272fc4-7875-78d6-7d32-6a1673ffca7c', '2021-01-02 00:00:01', 'Trần Thành Phát', '2021-11-28 01:29:58', 'Nguyễn Thảo Nhung'),
('73dc79e1-1ccb-35a6-0235-60b3ebf808a9', 'NV-0025', 'Huỳnh Hồng Tiến', '2001-10-10', 1, '030300772474', '1987-05-22', 'Đắk Lắk', 'Nhân viên', '0392982753', 'Trà Vinh', '02391152395', 'Thien12550@gmail.com', '1010095164183', 'Trà Vinh', ' Quốc Tế  (VIB)', 1, 1, '142cb08f-7c31-21fa-8e90-67245e8b283e', '2020-07-10 00:00:01', 'Vũ Văn Hoàng', '2022-01-09 21:33:43', 'Võ Thảo Uyên'),
('7ad34860-1ac8-7ad7-d01d-086412a8ea97', 'NV-0029', 'Trần Văn Hiếu', '1952-01-12', 2, '030300260430', '1970-01-12', NULL, 'Nhân viên', NULL, 'Quảng Bình', '02664256357', 'Mien4146@gmail.com', '1010242668807', 'Quảng Bình', ' Việt Á (VietABank)', 1, 1, '469b3ece-744a-45d5-957d-e8c757976496', '2020-07-18 00:00:01', NULL, '2021-11-02 22:39:50', NULL),
('7bd9cf39-3f55-3a7b-0035-60b3ebf808a9', 'NV-0010', 'Trần Thảo Nga', '1952-01-07', 2, '030300695997', '1970-01-07', 'Bắc Kạn', 'Thư ký', '0808007346', 'Ninh Bình', '02666856233', 'xanh46985@haui.com', '1010696302925', 'Ninh Bình', ' Nam Á (Nam A Bank)', 1, 1, '4e272fc4-7875-78d6-7d32-6a1673ffca7c', '2020-06-25 00:00:01', 'Trần Anh Hoàng', '2021-12-09 11:46:41', 'Phạm Văn Tiến');

-- 
-- Dumping data for table AccountObjectGroup
--
INSERT INTO AccountObjectGroup VALUES
('3f8e6896-4c7d-15f5-a018-75d8bd200d7c', 'NCC-1322', 'Sản xuất tiêu dùng ', '1970-01-01 02:13:43', 'Norris Calderon', '2014-11-24 23:43:46', 'Elwood Ligon'),
('45ac3d26-18f2-18a9-3031-644313fbb055', 'NCC-1351', 'Dịch vụ', '1972-09-12 08:14:13', 'Aileen Pitts', '1996-09-14 03:31:03', 'Courtney Abernathy'),
('78aafe4a-67a7-2076-3bf3-eb0223d0a4f7', 'NCC-1421', 'Sản xuất công nghiệp ', '2008-09-05 16:27:46', 'Trey Christopher', '2004-04-20 17:47:05', 'Natashia Blaylock'),
('7c4f14d8-66fb-14ae-198f-6354f958f4c0', 'NCC-5112', 'Sản xuất nông nghiệp', '2003-01-23 12:12:00', 'Alaine Hickey', '2010-10-08 12:33:26', 'Rose Aiello');

-- 
-- Dumping data for table AccountObject
--
INSERT INTO AccountObject VALUES
('11452b0c-768e-5ff7-0d63-eeb1d8ed8cef', '143571', 'NCC00004', 'Công ty MKUGN', '0336302541', 'http://minh1331.vn', NULL, 'Thừa Thiên Huế', '4989ff24-23e7-7b82-b6d2-89b22d10517e', 'Ông', 'Nguyễn Hồ Trang', '0875946171', 'Anh778@gmail.com', 'Nguyễn Văn Tuấn', '60b82625-3612-24de-9617-6d44a4db1359', 20, 11, NULL, NULL, 'Việt Nam', NULL, NULL, 'Thừa Thiên Huế', '', 'Adolph Francisco', '2007-05-21 20:18:55', 'Jason Blackmon', '1986-11-08 03:05:24', '548dce5f-5f29-4617-725d-e2ec561b0f41'),
('1152da18-24d8-65b6-0380-e8e2a817c80e', '107547', 'NCC00049', 'Công ty KJHUM', '0329500933', 'http://minh1692.edu', NULL, 'Nam Định', '6a763a51-4322-5c5a-b5d2-89b22d10517e', 'Ông', 'Trần Thế Huy', '0334551308', 'Tuy206@gmail.com', 'Đỗ Thị Phương', '359963d8-1e69-5220-7ecc-ee92bf437a3f', 50, 14, NULL, NULL, 'Việt Nam', NULL, NULL, 'Nam Định', '', 'Shonda Leake', '2005-09-21 09:43:48', 'Marylin Bankston', '1970-01-01 00:05:07', '5bd71cda-209f-2ade-54d1-35c781481818'),
('11f7089b-33e6-371a-f817-7000f455f3d5', '183315', 'NCC00021', 'Công ty DRNAL', '0347351171', 'http://ngoc3282.com', NULL, 'Long An', '1f85f165-3ed3-370a-b7d2-89b22d10517e', 'Bà', 'Nguyễn Thế Hoàng', '0817926108', 'Song22945@gmail.com', 'Phạm Văn Hoàng', '49b5613c-112f-5d16-636f-d59c8dd9bef2', 17, 80, NULL, NULL, 'Việt Nam', NULL, NULL, 'Long An', '', 'Delcie Abney', '1973-12-04 23:45:59', 'Corinna Bratton', '1970-01-01 02:09:09', '5bd71cda-209f-2ade-54d1-35c781481818'),
('142cb08f-7c31-21fa-8e90-67245e8b283e', '155986', 'NCC00000', 'Công ty MVOXN', '0395601922', 'http://ngoc5955.com', NULL, 'An Giang', '1e5e96fa-5d7a-599d-27c2-579daad24557', 'Ông', 'Vũ Văn Anh', '0331755304', 'Vanh04612@gmail.com', 'Nguyễn Tiến Huy', '2181e1b4-3cf9-2495-bbec-c0283040ad25', 88, 79, NULL, NULL, 'Việt Nam', NULL, NULL, 'An Giang', '', 'Letha Bolt', '1970-01-01 00:07:13', 'Abraham Acevedo', '1970-01-01 00:00:04', '548dce5f-5f29-4617-725d-e2ec561b0f41'),
('14c0ce35-1687-459c-1acb-66948daf6128', '170684', 'NCC00032', 'Công ty KQAZJ', '0843377579', 'http://lan4697.vn', NULL, 'Hòa Bình', '62af2231-78a7-7caa-cd1d-086412a8ea97', 'Bà', 'Vũ Thị Phương', '0341846922', 'Lam51039@gmail.com', 'Vũ Bảo Bảo', '2181e1b4-3cf9-2495-bbec-c0283040ad25', 94, 31, NULL, NULL, 'Việt Nam', NULL, NULL, 'Hòa Bình', '', 'Melia Gates', '1970-01-01 00:01:38', 'Dong Alarcon', '2009-04-16 01:11:50', '589edf01-198a-4ff5-958e-fb52fd75a1d4'),
('17120d02-6ab5-3e43-18cb-66948daf6128', '127623', 'NCC00003', 'Công ty IUMMC', '0885979808', 'http://lan3337.edu', NULL, 'Ninh Bình', '409dcd1a-426a-23f7-3a35-0028ed526dd0', 'Ông', 'Vũ Phương Nhung', '0937357757', 'Nga798@gmail.com', 'Lý Thảo Anh', '359963d8-1e69-5220-7ecc-ee92bf437a3f', 56, 20, NULL, NULL, 'Việt Nam', NULL, NULL, 'Ninh Bình', '', 'Miyoko Mckinney', '1999-03-08 13:32:34', 'Hong Beaudoin', '2018-03-12 12:55:48', '589edf01-198a-4ff5-958e-fb52fd75a1d4'),
('179d5bc0-2405-67f7-9590-67245e8b283e', '128850', 'NCC00052', 'Công ty YOSET', '0318948993', 'http://ngoc5358.vn', NULL, 'Phú Thọ', '407db4d1-222b-287d-0135-60b3ebf808a9', 'Bà', 'Nguyễn Đình Nam', '0319299327', 'Ly166@gmail.com', 'Trần Ngọc Hoàng', '359963d8-1e69-5220-7ecc-ee92bf437a3f', 29, 29, NULL, NULL, 'Việt Nam', NULL, NULL, 'Phú Thọ', '', 'Alphonso Meeks', '2017-11-23 22:08:26', 'Dimple Alba', '1984-04-24 17:16:19', '68daa090-552d-1bc6-e8e4-8adc5263917a'),
('1b336f56-7ee3-7ceb-1ccb-66948daf6128', '154668', 'NCC00056', 'Công ty JJEND', '0371170316', 'http://ngoc7384.com', NULL, 'Vĩnh Long', '5de704c2-573f-1a71-1a80-de64d090a2c2', 'Bà', 'Lý Phương Linh', '0390313338', 'Van6529@misa.com', 'Phan Phan Hoàng', '26a546dc-51ef-474e-ec75-f433c80be791', 33, 15, NULL, NULL, 'Việt Nam', NULL, NULL, 'Vĩnh Long', '', 'Alejandro Espinal', '1970-01-01 00:04:31', 'Glory Hammond', '1970-01-01 00:00:18', '30d41e52-5e66-72bc-6c1c-b47866e0b131'),
('1ded3dd7-32db-5bc9-9190-67245e8b283e', '157693', 'NCC00019', 'Công ty YWSKM', '0974266355', 'http://tri2836.vn', NULL, 'Tuyên Quang', '197fda97-5a35-781d-0e77-d9ebc53aac3d', 'Bà', 'Vũ Thảo Trang', '0985565339', 'Trinh9890@gmail.com', 'Phạm Thị Yến', '26a546dc-51ef-474e-ec75-f433c80be791', 85, 13, NULL, NULL, 'Việt Nam', NULL, NULL, 'Tuyên Quang', '', 'Winnifred Brantley', '1997-03-20 09:03:51', 'Grant Ackerman', '2000-11-15 19:41:57', '589edf01-198a-4ff5-958e-fb52fd75a1d4'),
('1e5a953f-1c88-5769-addb-e5d54223c257', '165434', 'NCC00050', 'Công ty SJUOD', '0373212509', 'http://ngoc8719.edu', NULL, 'Thái Nguyên', '4989ff24-23e7-7b82-b6d2-89b22d10517e', 'Bà', 'Phạm Thanh Hưng', '0344273521', 'An9129@misa.com', 'Trần Thị Nga', '2181e1b4-3cf9-2495-bbec-c0283040ad25', 40, 58, NULL, NULL, 'Việt Nam', NULL, NULL, 'Thái Nguyên', '', 'Hubert Waldrop', '2007-09-17 02:26:04', 'Raphael Ahern', '2000-06-18 14:43:32', '5bd71cda-209f-2ade-54d1-35c781481818'),
('1f22399e-14b4-5c2b-8132-6a1673ffca7c', '185820', 'NCC00030', 'Công ty SKUXZ', '0948106505', 'http://tri6272.edu', NULL, 'Bình Thuận', '4989ff24-23e7-7b82-b6d2-89b22d10517e', 'Ông', 'Phạm Văn Hoàng', '0392126968', 'Ty210@gmail.com', 'Đỗ Thảo Anh', '2a951a0f-259c-2832-7dcc-ee92bf437a3f', 77, 14, NULL, NULL, 'Việt Nam', NULL, NULL, 'Bình Thuận', '', 'Curtis Hutson', '2021-12-12 21:45:37', 'Lianne Aquino', '1972-01-26 20:49:10', '68daa090-552d-1bc6-e8e4-8adc5263917a'),
('1f74cd3f-6de4-5324-0180-e8e2a817c80e', '164386', 'NCC00012', 'Công ty LJJXA', '0373159681', 'http://ngoc8874.edu', NULL, 'Bắc Ninh', '1f85f165-3ed3-370a-b7d2-89b22d10517e', 'Ông', 'Lý Thị Anh', '0921789007', 'Au4512@gmail.com', 'Hoàng Tiến Hưng', '60b82625-3612-24de-9617-6d44a4db1359', 39, 57, NULL, NULL, 'Việt Nam', NULL, NULL, 'Bắc Ninh', '', 'Burton Bunnell', '1970-01-01 00:00:05', 'Isreal Dougherty', '1970-01-01 00:56:40', '30d41e52-5e66-72bc-6c1c-b47866e0b131'),
('1f8d7e46-1d1e-335f-79dd-867949feb8b5', '128433', 'NCC00045', 'Công ty IXSCL', '0347676775', 'http://tri9277.vn', NULL, 'Hà Tĩnh', '6c5b9fe7-14c9-3bb5-b4d2-89b22d10517e', 'Ông', 'Lý Văn Huy', '0875528146', 'Tuy358@haui.com', 'Phạm Thế Nguyên', '60b82625-3612-24de-9617-6d44a4db1359', 48, 84, NULL, NULL, 'Việt Nam', NULL, NULL, 'Hà Tĩnh', '', 'Malcolm Coward', '2006-02-07 19:52:29', 'Abe Addison', '1979-03-13 04:33:14', '589edf01-198a-4ff5-958e-fb52fd75a1d4'),
('205a3e0a-13fe-3557-8232-6a1673ffca7c', NULL, 'NCC00041', 'Công ty BDDEG', NULL, 'http://lan2186.vn', NULL, NULL, '6a763a51-4322-5c5a-b5d2-89b22d10517e', 'Ông', NULL, '0367813851', NULL, 'Nguyễn Thảo Yến', '60b82625-3612-24de-9617-6d44a4db1359', NULL, NULL, NULL, NULL, NULL, NULL, NULL, NULL, '', NULL, NULL, 'Laurence Deloach', '1978-12-07 05:53:41', '5bd71cda-209f-2ade-54d1-35c781481818'),
('20d0b9f3-3e65-1639-9d7d-e8c757976496', '105198', 'NCC00064', 'Công ty ZOMUE', '0808009162', 'http://minh6118.com', NULL, 'Sơn La', '7bd9cf39-3f55-3a7b-0035-60b3ebf808a9', 'Bà', 'Nguyễn Thảo Nga', '0814473231', 'Nga229@gmail.com', 'Phạm Quốc Hiếu', '359963d8-1e69-5220-7ecc-ee92bf437a3f', 67, 40, NULL, NULL, 'Việt Nam', NULL, NULL, 'Sơn La', '', 'Adan Pulido', '1970-01-01 00:13:11', 'Darell Mireles', '2017-07-11 20:12:14', '5bd71cda-209f-2ade-54d1-35c781481818'),
('24629593-3d34-32fd-997d-e8c757976496', '189761', 'NCC00029', 'Công ty VTTSH', '0339871780', 'http://tri9296.edu', NULL, 'Thừa Thiên Huế', NULL, 'Ông', 'Trần Thị Hạnh', '0364433548', 'Vanh903@gmail.com', 'Nguyễn Văn Huy', '60b82625-3612-24de-9617-6d44a4db1359', 56, 65, NULL, NULL, 'Việt Nam', NULL, NULL, 'Thừa Thiên Huế', '', 'Elli Robertson', '1970-01-01 00:01:28', 'Juan Whitten', '1975-08-13 00:52:13', '5bd71cda-209f-2ade-54d1-35c781481818'),
('247986de-4165-651a-9490-67245e8b283e', '104370', 'NCC00047', 'Công ty GAIPN', '0889319916', 'http://minh2394.com', NULL, 'Sơn La', '73dc79e1-1ccb-35a6-0235-60b3ebf808a9', 'Ông', 'Lê Thúy Anh', '0849518188', 'Thuong10636@gmail.com', 'Nguyễn Thảo Anh', '2181e1b4-3cf9-2495-bbec-c0283040ad25', 28, 82, NULL, NULL, 'Việt Nam', NULL, NULL, 'Sơn La', '', 'Lizzie Krueger', '2017-04-03 00:17:52', 'Sanford Dyson', '1984-01-18 21:23:20', '30d41e52-5e66-72bc-6c1c-b47866e0b131'),
('284ccb05-337b-7e6f-9090-67245e8b283e', '170443', 'NCC00017', 'Công ty HIKPI', '0362778440', 'http://ngoc5838.vn', NULL, 'Điện Biên', '13ede5b6-19dd-563e-1980-de64d090a2c2', 'Bà', 'Huỳnh Bảo Trí', '0928072939', 'Thong11558@gmail.com', 'Phạm Bảo Thiện', '49b5613c-112f-5d16-636f-d59c8dd9bef2', 89, 44, NULL, NULL, 'Việt Nam', NULL, NULL, 'Điện Biên', '', 'Ariel Hermann', '2000-11-25 16:10:40', 'Deandre Ortiz', '1970-01-01 00:00:25', '589edf01-198a-4ff5-958e-fb52fd75a1d4'),
('2b850d3d-6722-3f01-1bcb-66948daf6128', '145561', 'NCC00043', 'Công ty JLOXK', '0859062394', 'http://ngoc9142.vn', NULL, 'Bắc Kạn', '57cdf8c4-47e3-5560-7e41-c1ec321fe728', 'Ông', 'Nguyễn Vĩnh Huy', '0811269219', 'Hoan6074@gmail.com', 'Vũ Vũ Nghĩa', '26a546dc-51ef-474e-ec75-f433c80be791', 61, 70, NULL, NULL, 'Việt Nam', NULL, NULL, 'Bắc Kạn', '', 'Tamica Goins', '1979-06-08 03:58:09', 'Abraham Berryman', '1970-01-01 00:00:13', '68daa090-552d-1bc6-e8e4-8adc5263917a'),
('2bbbd485-6df2-536a-7e32-6a1673ffca7c', '118744', 'NCC00009', 'Công ty YGUNU', '0368026176', 'http://tri3741.edu', NULL, 'Đồng Nai', '73dc79e1-1ccb-35a6-0235-60b3ebf808a9', 'Ông', 'Đỗ Thị Trang', '0861595389', 'Huyen37653@gmail.com', 'Phạm Thảo Thư', '60b82625-3612-24de-9617-6d44a4db1359', 22, 49, NULL, NULL, 'Việt Nam', NULL, NULL, 'Đồng Nai', '', 'Denisha Mcginnis', '1970-01-01 00:01:04', 'Peggy Charlton', '2008-11-07 16:42:35', '68daa090-552d-1bc6-e8e4-8adc5263917a'),
('2bf413d3-7a2c-217a-78dd-867949feb8b5', '129947', 'NCC00035', 'Công ty MFKZH', '0951983032', 'http://ngoc5811.edu', NULL, 'Nam Định', '7ad34860-1ac8-7ad7-d01d-086412a8ea97', 'Ông', 'Lý Lê Hoa', '0963357338', 'Di1830@gmail.com', 'Nguyễn Thị Linh', '26a546dc-51ef-474e-ec75-f433c80be791', 46, 28, NULL, NULL, 'Việt Nam', NULL, NULL, 'Nam Định', '', 'Cordelia Key', '1982-03-15 22:29:45', 'Adah Acker', '1997-04-30 05:22:24', '30d41e52-5e66-72bc-6c1c-b47866e0b131'),
('2dcedb9c-6c32-7d27-977d-e8c757976496', '197237', 'NCC00016', 'Công ty AWMRB', '0330285820', 'http://tri7912.vn', NULL, 'Lâm Đồng', '36ac2df8-2b1e-368f-cc1d-086412a8ea97', 'Bà', 'Dương Hà Huyền', '0821481150', 'Hang700@gmail.com', 'Trần Thế Nghĩa', '60b82625-3612-24de-9617-6d44a4db1359', 12, 84, NULL, NULL, 'Việt Nam', NULL, NULL, 'Lâm Đồng', '', 'Laura Barger', '2016-10-22 00:30:46', 'Adelaida Laporte', '1978-04-05 10:24:51', '30d41e52-5e66-72bc-6c1c-b47866e0b131'),
('2de001fe-529b-33ad-0280-e8e2a817c80e', '185612', 'NCC00038', 'Công ty WTUUB', '0966826333', 'http://lan8481.com', NULL, 'Quảng Bình', '5c7f0ec4-77f2-3794-cf1d-086412a8ea97', 'Ông', 'Lý Thảo Linh', '0387071260', 'Tra04383@gmail.com', 'Huỳnh Thế Hưng', '26a546dc-51ef-474e-ec75-f433c80be791', 44, 53, NULL, NULL, 'Việt Nam', NULL, NULL, 'Quảng Bình', '', 'Oliva Coble', '1984-12-12 03:10:41', 'Molly Bobo', '1971-04-18 17:08:52', '589edf01-198a-4ff5-958e-fb52fd75a1d4'),
('2fb0b105-7808-503a-76dd-867949feb8b5', NULL, 'NCC00026', 'Công ty CJVXW', NULL, 'http://ngoc8694.vn', NULL, NULL, NULL, 'Ông', NULL, '0381980622', NULL, 'Trần Thế Huy', '359963d8-1e69-5220-7ecc-ee92bf437a3f', NULL, NULL, NULL, NULL, NULL, NULL, NULL, NULL, '', NULL, NULL, 'Arthur Beane', '1987-12-10 06:59:28', '30d41e52-5e66-72bc-6c1c-b47866e0b131'),
('30c8ee28-58a3-22f2-5e92-08c864661f9c', NULL, 'NCC00031', 'Công ty JMYMO', NULL, 'http://minh2795.com', NULL, NULL, '524751f2-1577-523d-ce1d-086412a8ea97', 'Ông', NULL, '0380989741', NULL, 'Lý Văn Khoa', '2181e1b4-3cf9-2495-bbec-c0283040ad25', NULL, NULL, NULL, NULL, NULL, NULL, NULL, NULL, '', NULL, NULL, 'Zula Apodaca', '1970-01-01 00:00:04', '68daa090-552d-1bc6-e8e4-8adc5263917a'),
('34cde64f-62e4-186c-77dd-867949feb8b5', '181216', 'NCC00033', 'Công ty ACBNE', '0910109459', 'http://tri4923.com', NULL, 'Bà Rịa Vũng Tàu', '197fda97-5a35-781d-0e77-d9ebc53aac3d', 'Ông', 'Hồ Trần Giang', '0887031533', 'Huyen5193@gmail.com', 'Nguyễn Hữu Phú', '60b82625-3612-24de-9617-6d44a4db1359', 97, 25, NULL, NULL, 'Việt Nam', NULL, NULL, 'Bà Rịa Vũng Tàu', '', 'Marc Pickering', '1991-07-27 22:56:46', 'Scott Rich', '1970-01-01 00:16:31', '68daa090-552d-1bc6-e8e4-8adc5263917a'),
('3599ef50-13ed-5404-0e63-eeb1d8ed8cef', '122987', 'NCC00027', 'Công ty UUIMR', '0924747621', 'http://tri9881.edu', NULL, 'Tiền Giang', '1e5e96fa-5d7a-599d-27c2-579daad24557', 'Bà', 'Bùi Văn Tuấn', '0898979355', 'Van296@gmail.com', 'Nguyễn Thị Anh', '2181e1b4-3cf9-2495-bbec-c0283040ad25', 38, 47, NULL, NULL, 'Việt Nam', NULL, NULL, 'Tiền Giang', '', 'Lilla Perez', '2020-07-04 19:31:22', 'Alease Montoya', '1974-10-26 07:49:28', '5bd71cda-209f-2ade-54d1-35c781481818'),
('3ab17eb8-4928-4275-8332-6a1673ffca7c', '117806', 'NCC00055', 'Công ty SKCKN', '0984620830', 'http://lan1118.vn', NULL, 'Quảng Bình', '36ac2df8-2b1e-368f-cc1d-086412a8ea97', 'Cô', 'Nguyễn Quốc Tuấn', '0964101497', 'Hiep766@gmail.com', 'Phạm Thị Hạnh', '2a951a0f-259c-2832-7dcc-ee92bf437a3f', 85, 58, NULL, NULL, 'Việt Nam', NULL, NULL, 'Quảng Bình', '', 'Derrick Ruiz', '2012-12-13 20:32:08', 'Marianne Terry', '1971-05-27 00:08:39', '68daa090-552d-1bc6-e8e4-8adc5263917a'),
('3ef08d53-5bf3-1e97-9790-67245e8b283e', '165584', 'NCC00069', 'Công ty QVLID', '0911602142', 'http://lan5211.com', NULL, 'Hà Giang', '4989ff24-23e7-7b82-b6d2-89b22d10517e', 'Ông', 'Bùi Thiên Dũng', NULL, 'Nuong490@gmail.com', NULL, '49b5613c-112f-5d16-636f-d59c8dd9bef2', 73, 19, NULL, NULL, 'Việt Nam', NULL, NULL, 'Hà Giang', '', 'Ronnie Roby', '2015-12-28 02:38:00', NULL, NULL, '589edf01-198a-4ff5-958e-fb52fd75a1d4'),
('3f66f2d6-688b-4161-5f92-08c864661f9c', '135480', 'NCC00034', 'Công ty TRPGZ', '0306329407', 'http://minh3311.com', NULL, 'Hà Nội', '3304dddb-1b72-607f-25c2-579daad24557', 'Ông', 'Phạm Nguyễn Hoàng', '0332691509', 'Tranh75136@gmail.com', 'Nguyễn Trần Trinh', '359963d8-1e69-5220-7ecc-ee92bf437a3f', 28, 37, NULL, NULL, 'Việt Nam', NULL, NULL, 'Hà Nội', '', 'Alida Jobe', '2020-01-02 00:08:51', 'Rubi Hobbs', '1990-07-12 10:04:20', '548dce5f-5f29-4617-725d-e2ec561b0f41'),
('404fe340-1fd3-414b-aadb-e5d54223c257', '112664', 'NCC00020', 'Công ty YMHYN', '0922185612', 'http://lan5427.edu', NULL, 'Tuyên Quang', '6c5b9fe7-14c9-3bb5-b4d2-89b22d10517e', 'Bà', 'Nguyễn Trần Linh', '0990345095', 'Khuyen381@gmail.com', 'Phạm Hoàng Phát', '49b5613c-112f-5d16-636f-d59c8dd9bef2', 23, 41, NULL, NULL, 'Việt Nam', NULL, NULL, 'Tuyên Quang', '', 'Gayle Baugh', '1970-01-01 00:01:23', 'Alene Ambrose', '1970-01-01 00:57:34', '589edf01-198a-4ff5-958e-fb52fd75a1d4'),
('439cdac8-4380-1e2d-0f63-eeb1d8ed8cef', NULL, 'NCC00051', 'Công ty EISKQ', NULL, 'http://ngoc3768.com', NULL, NULL, '57cdf8c4-47e3-5560-7e41-c1ec321fe728', 'Ông', NULL, '0876362113', NULL, 'Trần Thị Hà', '49b5613c-112f-5d16-636f-d59c8dd9bef2', NULL, NULL, NULL, NULL, NULL, NULL, NULL, NULL, '', NULL, NULL, 'Bianca Emery', '1970-01-01 00:07:20', '68daa090-552d-1bc6-e8e4-8adc5263917a'),
('4577565a-7e3e-493a-74dd-867949feb8b5', '135299', 'NCC00006', 'Công ty DFSMH', '0364386641', 'http://ngoc9213.edu', NULL, 'Hải Phòng', '3304dddb-1b72-607f-25c2-579daad24557', 'Ông', 'Nguyễn Hoàng Hưng', '0944738484', 'Mien966@gmail.com', 'Vũ Minh Hoa', '49b5613c-112f-5d16-636f-d59c8dd9bef2', 99, 72, NULL, NULL, 'Việt Nam', NULL, NULL, 'Hải Phòng', '', 'Felix Alba', '1976-12-14 07:59:24', 'Tiny Card', '2017-11-20 02:32:45', '589edf01-198a-4ff5-958e-fb52fd75a1d4'),
('469b3ece-744a-45d5-957d-e8c757976496', '177099', 'NCC00001', 'Công ty IMXOB', '0373302955', 'http://ngoc5458.com', NULL, 'Đắk Nông', '5c7f0ec4-77f2-3794-cf1d-086412a8ea97', 'Ông', 'Vũ Thị Hương', '0386376163', 'Nu302@misa.com', 'Huỳnh Trí Khoa', '2a951a0f-259c-2832-7dcc-ee92bf437a3f', 20, 29, NULL, NULL, 'Việt Nam', NULL, NULL, 'Đắk Nông', '', 'Vanita Kelleher', '2017-11-16 09:43:15', 'Retta Lord', '1998-10-25 13:42:34', '68daa090-552d-1bc6-e8e4-8adc5263917a'),
('46f514e3-3598-177c-6192-08c864661f9c', '115742', 'NCC00046', 'Công ty MPSQO', '0365410957', 'http://lan1354.vn', NULL, 'Bắc Giang', '57cdf8c4-47e3-5560-7e41-c1ec321fe728', 'Ông', 'Trần Thảo Anh', NULL, 'Trieu535@gmail.com', NULL, '2a951a0f-259c-2832-7dcc-ee92bf437a3f', 27, 90, NULL, NULL, 'Việt Nam', NULL, NULL, 'Bắc Giang', '', 'Carley Valdez', '2013-07-26 03:05:06', NULL, NULL, '548dce5f-5f29-4617-725d-e2ec561b0f41'),
('4760d71f-6e2f-5b32-19cb-66948daf6128', '187535', 'NCC00010', 'Công ty GSJWO', '0343655870', 'http://lan2112.vn', NULL, 'Bà Rịa Vũng Tàu', '6b550b8f-7ff9-51bc-0f77-d9ebc53aac3d', 'Bà', 'Phạm Thị Anh', '0890003014', 'Hue576@gmail.com', 'Hồ Thảo Thúy', '2181e1b4-3cf9-2495-bbec-c0283040ad25', 59, 50, NULL, NULL, 'Việt Nam', NULL, NULL, 'Bà Rịa Vũng Tàu', '', 'Stanford Sullivan', '1982-04-22 10:24:31', 'Selene Cartwright', '1981-07-08 16:20:09', '589edf01-198a-4ff5-958e-fb52fd75a1d4'),
('47f60f67-6087-2a86-abdb-e5d54223c257', '186478', 'NCC00036', 'Công ty XCTKN', '0396518356', 'http://tri5219.com', NULL, 'Long An', '5de704c2-573f-1a71-1a80-de64d090a2c2', 'Ông', 'Lý Thị Trang', '0967237012', 'Binh07332@gmail.com', 'Lý Mai Trang', '49b5613c-112f-5d16-636f-d59c8dd9bef2', 64, 19, NULL, NULL, 'Việt Nam', NULL, NULL, 'Long An', '', 'Reba Gregg', '1970-01-01 01:00:18', 'Pedro Harley', '1993-02-27 11:13:30', '548dce5f-5f29-4617-725d-e2ec561b0f41'),
('4c2386b1-57fb-15fa-1063-eeb1d8ed8cef', NULL, 'NCC00063', 'Công ty RDWLW', NULL, 'http://lan4963.com', NULL, NULL, '1f85f165-3ed3-370a-b7d2-89b22d10517e', 'Ông', NULL, '0339770345', NULL, 'Phạm Thảo Ngọc', '26a546dc-51ef-474e-ec75-f433c80be791', NULL, NULL, NULL, NULL, NULL, NULL, NULL, NULL, '', NULL, NULL, 'Harriet Shelton', '1998-12-26 03:01:54', '30d41e52-5e66-72bc-6c1c-b47866e0b131'),
('4d7b21db-2e02-12b7-a9db-e5d54223c257', '135893', 'NCC00018', 'Công ty NWASU', '0826869020', 'http://ngoc5422.vn', NULL, 'Kiên Giang', '73dc79e1-1ccb-35a6-0235-60b3ebf808a9', 'Ông', 'Lê Gia Linh', '0302411854', 'Trinh7804@gmail.com', 'Lê Bảo Kiệt', '49b5613c-112f-5d16-636f-d59c8dd9bef2', 25, 43, NULL, NULL, 'Việt Nam', NULL, NULL, 'Kiên Giang', '', 'Adam Maddox', '1970-01-01 00:15:42', 'Cierra Neville', '1970-03-27 23:48:20', '589edf01-198a-4ff5-958e-fb52fd75a1d4'),
('4e272fc4-7875-78d6-7d32-6a1673ffca7c', '126756', 'NCC00002', 'Công ty TKXXQ', '0376422249', 'http://tri8532.com', NULL, 'Nghệ An', '197fda97-5a35-781d-0e77-d9ebc53aac3d', 'Cô', 'Phạm Thành Tài', '0949451427', 'Vy43517@haui.com', 'Lý Văn Thành', '2a951a0f-259c-2832-7dcc-ee92bf437a3f', 94, 58, NULL, NULL, 'Việt Nam', NULL, NULL, 'Nghệ An', '', 'Marcos Abraham', '1995-07-27 03:45:56', 'Treena Lind', '1970-01-01 00:00:08', '30d41e52-5e66-72bc-6c1c-b47866e0b131'),
('4eceddac-7dc2-38ea-7bdd-867949feb8b5', NULL, 'NCC00065', 'Công ty BQLUY', NULL, 'http://tri7998.com', NULL, NULL, '5fab4ff7-1b8e-64d0-1880-de64d090a2c2', 'Ông', NULL, '0884427376', NULL, 'Võ Công Huy', '26a546dc-51ef-474e-ec75-f433c80be791', NULL, NULL, NULL, NULL, NULL, NULL, NULL, NULL, '', NULL, NULL, 'Leonardo Lockhart', '1999-03-21 04:27:32', '68daa090-552d-1bc6-e8e4-8adc5263917a'),
('52f7159d-5242-1af8-9c7d-e8c757976496', '121985', 'NCC00058', 'Công ty WDKVR', '0908410034', 'http://lan7762.com', NULL, 'Hưng Yên', '2356a2d8-7751-6f97-66f6-423b4e874d0f', 'Ông', 'Võ Đức Tuấn', '0898790916', 'Thuc9745@misa.com', 'Phạm Phạm Nhung', '26a546dc-51ef-474e-ec75-f433c80be791', 41, 68, NULL, NULL, 'Việt Nam', NULL, NULL, 'Hưng Yên', '', 'Calvin Looney', '1973-03-02 20:40:32', 'Detra Fraley', '1977-08-17 12:30:55', '68daa090-552d-1bc6-e8e4-8adc5263917a'),
('53f6b59c-6af6-4204-6292-08c864661f9c', '133563', 'NCC00061', 'Công ty KYLAA', '0812564971', 'http://ngoc2323.com', NULL, 'Sơn La', '13ede5b6-19dd-563e-1980-de64d090a2c2', 'Bà', 'Nguyễn Đức Thịnh', '0923876784', 'Chinh2671@gmail.com', 'Nguyễn Bảo Huy', '49b5613c-112f-5d16-636f-d59c8dd9bef2', 21, 66, NULL, NULL, 'Việt Nam', NULL, NULL, 'Sơn La', '', 'Calvin Abrams', '1992-01-29 10:38:25', 'Erin Sheridan', '1970-01-01 00:00:06', '548dce5f-5f29-4617-725d-e2ec561b0f41'),
('5608f456-3b97-2e05-5d92-08c864661f9c', '118384', 'NCC00024', 'Công ty PZYXP', '0833414313', 'http://minh8698.com', NULL, 'Bắc Ninh', '524751f2-1577-523d-ce1d-086412a8ea97', 'Bà', 'Phạm Minh Anh', '0924874489', 'Khoi64670@misa.com', 'Bùi Thị Linh', '60b82625-3612-24de-9617-6d44a4db1359', 63, 63, NULL, NULL, 'Việt Nam', NULL, NULL, 'Bắc Ninh', '', 'Myles Angel', '2006-10-01 04:23:48', 'Eldon Christenson', '1991-02-23 07:05:00', '589edf01-198a-4ff5-958e-fb52fd75a1d4'),
('5660d465-6020-48f3-75dd-867949feb8b5', '111698', 'NCC00015', 'Công ty NEPRR', '0908696465', 'http://lan6795.com', NULL, 'Hà Nội', '5de704c2-573f-1a71-1a80-de64d090a2c2', 'Bà', 'Hoàng Bảo Hiếu', '0939656663', 'Lang46543@misa.com', 'Phạm Thảo Linh', '2a951a0f-259c-2832-7dcc-ee92bf437a3f', 40, 85, NULL, NULL, 'Việt Nam', NULL, NULL, 'Hà Nội', '', 'Freeman Selby', '2008-02-23 15:16:43', 'Roland Rowan', '1970-01-01 00:06:55', '589edf01-198a-4ff5-958e-fb52fd75a1d4'),
('59d19422-6657-452e-a7db-e5d54223c257', NULL, 'NCC00008', 'Công ty QGLRJ', NULL, 'http://ngoc2853.vn', NULL, NULL, NULL, 'Bà', NULL, '0814980348', NULL, 'Đỗ Văn Huy', '26a546dc-51ef-474e-ec75-f433c80be791', NULL, NULL, NULL, NULL, NULL, NULL, NULL, NULL, '', NULL, NULL, 'Maynard Brockman', '2004-01-29 08:56:31', '5bd71cda-209f-2ade-54d1-35c781481818'),
('5ae2d70b-201d-3e23-7f32-6a1673ffca7c', '154516', 'NCC00022', 'Công ty XGBAA', '0917692700', 'http://lan4548.com', NULL, 'Đắk Lắk', '4989ff24-23e7-7b82-b6d2-89b22d10517e', 'Ông', 'Hoàng Thảo Nga', '0976739766', 'Nuong59976@misa.com', 'Bùi Thị Như', '49b5613c-112f-5d16-636f-d59c8dd9bef2', 20, 47, NULL, NULL, 'Việt Nam', NULL, NULL, 'Đắk Lắk', '', 'Kasey Furr', '2008-10-30 19:51:59', 'Darcel Broussard', '1988-05-02 01:47:25', '30d41e52-5e66-72bc-6c1c-b47866e0b131'),
('5b2fcdf5-2050-7cb2-8f90-67245e8b283e', '181978', 'NCC00011', 'Công ty NCPWH', '0869342516', 'http://lan1795.vn', NULL, 'Lào Cai', '524751f2-1577-523d-ce1d-086412a8ea97', 'Ông', 'Nguyễn Thảo Thùy', '0838030042', 'Quynh968@misa.com', 'Hoàng Thảo Anh', '26a546dc-51ef-474e-ec75-f433c80be791', 59, 23, NULL, NULL, 'Việt Nam', NULL, NULL, 'Lào Cai', '', 'Nathan Salisbury', '2009-06-10 23:54:04', 'Fabian Dalton', '1970-01-01 00:10:39', '548dce5f-5f29-4617-725d-e2ec561b0f41'),
('5fbbda7e-7566-416f-9b7d-e8c757976496', '128100', 'NCC00053', 'Công ty SDSHV', '0894505931', 'http://minh5844.vn', NULL, 'Tiền Giang', '4989ff24-23e7-7b82-b6d2-89b22d10517e', 'Ông', 'Lê Hà Yến', '0396383352', 'Hang46738@misa.com', 'Vũ Bảo Hiếu', '60b82625-3612-24de-9617-6d44a4db1359', 13, 40, NULL, NULL, 'Việt Nam', NULL, NULL, 'Tiền Giang', '', 'Aimee Stamm', '1972-09-24 08:50:24', 'Maryellen Aleman', '1970-01-01 00:00:04', '68daa090-552d-1bc6-e8e4-8adc5263917a'),
('60084fec-3509-2779-8432-6a1673ffca7c', '126104', 'NCC00060', 'Công ty PGFUO', '0349739984', 'http://tri9848.edu', NULL, 'Hà Nội', '407db4d1-222b-287d-0135-60b3ebf808a9', 'Ông', 'Nguyễn Bảo Nguyên', '0377593868', 'Anh9800@gmail.com', 'Nguyễn Thị Linh', '2a951a0f-259c-2832-7dcc-ee92bf437a3f', 84, 30, NULL, NULL, 'Việt Nam', NULL, NULL, 'Hà Nội', '', 'Burt Hughes', '1986-11-07 10:41:20', 'Brinda Lackey', '1970-01-01 00:00:07', '68daa090-552d-1bc6-e8e4-8adc5263917a'),
('6081dc00-4df0-5184-9690-67245e8b283e', '110176', 'NCC00066', 'Công ty EXTYP', '0923244726', 'http://tri4544.com', NULL, 'TP Hồ Chí Minh', '5de704c2-573f-1a71-1a80-de64d090a2c2', 'Bà', 'Vũ Thị Linh', NULL, 'Gia46717@haui.com', NULL, '2181e1b4-3cf9-2495-bbec-c0283040ad25', 69, 15, NULL, NULL, 'Việt Nam', NULL, NULL, 'TP Hồ Chí Minh', '', 'Abel Christian', '2010-10-24 02:00:56', NULL, NULL, '68daa090-552d-1bc6-e8e4-8adc5263917a'),
('61a45b9e-55c1-3dbb-f917-7000f455f3d5', '196509', 'NCC00044', 'Công ty MGSEU', '0318343228', 'http://ngoc8888.vn', NULL, 'Đắk Nông', '1e5e96fa-5d7a-599d-27c2-579daad24557', 'Ông', 'Bùi Thảo Linh', NULL, 'Thuy51199@gmail.com', NULL, '359963d8-1e69-5220-7ecc-ee92bf437a3f', 65, 56, NULL, NULL, 'Việt Nam', NULL, NULL, 'Đắk Nông', '', 'Bertram Herzog', '1988-04-16 14:52:42', NULL, NULL, '68daa090-552d-1bc6-e8e4-8adc5263917a'),
('6429b0f4-1391-7f32-9390-67245e8b283e', '187038', 'NCC00037', 'Công ty NYMMN', '0892158498', 'http://ngoc3954.vn', NULL, 'Bình Định', '12e1b096-3542-127a-1077-d9ebc53aac3d', 'Ông', 'Hoàng Thảo Hiền', '0936684823', 'Truc360@gmail.com', 'Dương Văn Tiến', '49b5613c-112f-5d16-636f-d59c8dd9bef2', 44, 44, NULL, NULL, 'Việt Nam', NULL, NULL, 'Bình Định', '', 'Jarod Bourgeois', '2004-11-11 18:35:36', 'Ahmed Burkett', '2013-06-09 09:51:44', '548dce5f-5f29-4617-725d-e2ec561b0f41'),
('645f2e5c-7670-66a0-6092-08c864661f9c', '167588', 'NCC00042', 'Công ty KSVXU', '0943040908', 'http://lan5969.com', NULL, 'Hà Nội', '57cdf8c4-47e3-5560-7e41-c1ec321fe728', 'Ông', 'Nguyễn Quốc Tuấn', '0368604887', 'An68540@gmail.com', 'Lý Thành Tuấn', '60b82625-3612-24de-9617-6d44a4db1359', 63, 54, NULL, NULL, 'Việt Nam', NULL, NULL, 'Hà Nội', '', 'Newton Graves', '1989-11-06 01:18:23', 'Audrea Cameron', '1970-01-01 00:00:38', '589edf01-198a-4ff5-958e-fb52fd75a1d4'),
('6764ab86-6fcc-2757-8032-6a1673ffca7c', '187142', 'NCC00025', 'Công ty LIYLV', '0882381835', 'http://tri3217.vn', NULL, 'TP Hồ Chí Minh', '5254e49d-4368-3162-29c2-579daad24557', 'Ông', 'Trần Thị Trang', '0319310732', 'Vinh15975@misa.com', 'Ngô Hồng Hưng', '2181e1b4-3cf9-2495-bbec-c0283040ad25', 66, 30, NULL, NULL, 'Việt Nam', NULL, NULL, 'TP Hồ Chí Minh', '', 'Jerome Gipson', '1970-01-01 00:05:13', 'Claude Spellman', '1970-01-01 00:00:10', '30d41e52-5e66-72bc-6c1c-b47866e0b131'),
('67b5c284-1c59-4a0a-0580-e8e2a817c80e', '196518', 'NCC00067', 'Công ty DNKZD', '0894702850', 'http://ngoc1823.com', NULL, 'Bắc Ninh', '1e5e96fa-5d7a-599d-27c2-579daad24557', 'Bà', 'Nguyễn Bảo Nhân', '0911368370', 'Que63094@gmail.com', 'Võ Thị Anh', '60b82625-3612-24de-9617-6d44a4db1359', 52, 70, NULL, NULL, 'Việt Nam', NULL, NULL, 'Bắc Ninh', '', 'Jeanna Maxwell', '2010-03-07 12:00:40', 'Elvin Newton', '2004-03-17 13:03:51', '548dce5f-5f29-4617-725d-e2ec561b0f41'),
('68478414-705a-2626-5c92-08c864661f9c', '166721', 'NCC00013', 'Công ty LTYKR', '0847797228', 'http://ngoc3267.com', NULL, 'Hòa Bình', '6c5b9fe7-14c9-3bb5-b4d2-89b22d10517e', 'Bà', 'Vũ Kim Anh', '0837196225', 'Hoai702@haui.com', 'Vũ Thùy Như', '49b5613c-112f-5d16-636f-d59c8dd9bef2', 19, 73, NULL, NULL, 'Việt Nam', NULL, NULL, 'Hòa Bình', '', 'Adah Jameson', '1973-01-26 10:48:31', 'Forrest Babb', '2010-09-07 13:50:06', '5bd71cda-209f-2ade-54d1-35c781481818'),
('6916f8cf-1279-16d8-9290-67245e8b283e', '169646', 'NCC00028', 'Công ty IXCNZ', '0895705110', 'http://minh8448.edu', NULL, 'TP Hồ Chí Minh', '4989ff24-23e7-7b82-b6d2-89b22d10517e', 'Bà', 'Dương Văn Hưng', '0802651191', 'Gia82416@gmail.com', 'Bùi Bảo Hưng', '49b5613c-112f-5d16-636f-d59c8dd9bef2', 77, 86, NULL, NULL, 'Việt Nam', NULL, NULL, 'TP Hồ Chí Minh', '', 'Josephine Norwood', '1982-07-04 22:23:44', 'Xiao Hauser', '1977-08-01 03:59:33', '5bd71cda-209f-2ade-54d1-35c781481818'),
('698623e9-1def-6cb3-fa17-7000f455f3d5', '101904', 'NCC00057', 'Công ty BZVOQ', '0843642897', 'http://minh8861.edu', NULL, 'Ninh Bình', '407db4d1-222b-287d-0135-60b3ebf808a9', 'Bà', 'Lý Bảo Huy', NULL, 'Di3778@gmail.com', NULL, '60b82625-3612-24de-9617-6d44a4db1359', 15, 42, NULL, NULL, 'Việt Nam', NULL, NULL, 'Ninh Bình', '', 'Myrtis Thornhill', '1970-01-01 00:09:14', NULL, NULL, '30d41e52-5e66-72bc-6c1c-b47866e0b131'),
('69cdb3c5-55bc-2a7a-9a7d-e8c757976496', '140643', 'NCC00040', 'Công ty HPKSZ', '0305089434', 'http://minh3752.edu', NULL, 'Hà Giang', '506acf1e-5331-67a9-0d77-d9ebc53aac3d', 'Bà', 'Hồ Gia Khang', '0350229927', 'Huong939@gmail.com', 'Phạm Thảo Thư', '2181e1b4-3cf9-2495-bbec-c0283040ad25', 16, 88, NULL, NULL, 'Việt Nam', NULL, NULL, 'Hà Giang', '', 'Bud Grubbs', '1994-02-19 03:21:06', 'Sherwood Moody', '1970-01-01 01:59:55', '589edf01-198a-4ff5-958e-fb52fd75a1d4'),
('6a4d99cd-242a-6200-7add-867949feb8b5', '152916', 'NCC00048', 'Công ty EQCMX', '0931332488', 'http://tri1243.com', NULL, 'Đà Nẵng', '409dcd1a-426a-23f7-3a35-0028ed526dd0', 'Bà', 'Nguyễn Thảo Nga', '0905978420', 'Dien549@misa.com', 'Trần Nhật Hà', '60b82625-3612-24de-9617-6d44a4db1359', 14, 14, NULL, NULL, 'Việt Nam', NULL, NULL, 'Đà Nẵng', '', 'Celestine Hong', '1970-01-01 00:02:22', 'Luke Giron', '2019-03-16 03:00:49', '5bd71cda-209f-2ade-54d1-35c781481818'),
('6c97b353-5d7d-4095-1dcb-66948daf6128', '153349', 'NCC00062', 'Công ty YWBDA', '0976724021', 'http://minh7997.com', NULL, 'Hà Nội', '6a763a51-4322-5c5a-b5d2-89b22d10517e', 'Bà', 'Phan Thiên Nguyên', '0350801028', 'Que033@gmail.com', 'Trần Thị Nhi', '49b5613c-112f-5d16-636f-d59c8dd9bef2', 31, 31, NULL, NULL, 'Việt Nam', NULL, NULL, 'Hà Nội', '', 'Hobert Adam', '2012-12-19 06:40:45', 'Ariane Omalley', '1970-01-01 00:00:08', '30d41e52-5e66-72bc-6c1c-b47866e0b131'),
('7325f44f-127c-240c-afdb-e5d54223c257', '122952', 'NCC00068', 'Công ty BOYLC', '0336488406', 'http://minh7667.com', NULL, 'Quảng Trị', '56dce332-76f0-6b9b-5080-7ed9d1ea06ea', 'Anh', 'Phạm Phước Đạt', NULL, 'Le912@gmail.com', NULL, '2181e1b4-3cf9-2495-bbec-c0283040ad25', 14, 77, NULL, NULL, 'Việt Nam', NULL, NULL, 'Quảng Trị', '', 'Alice Gonzales', '2019-01-14 01:03:32', NULL, NULL, '5bd71cda-209f-2ade-54d1-35c781481818'),
('7623d42f-35f4-1ce5-987d-e8c757976496', '152875', 'NCC00023', 'Công ty FLJQU', '0815095567', 'http://ngoc8181.com', NULL, 'Long An', '524751f2-1577-523d-ce1d-086412a8ea97', 'Anh', 'Trần Thiên Hiếu', '0347496147', 'Binh0686@gmail.com', 'Phạm Nhã Huyền', '49b5613c-112f-5d16-636f-d59c8dd9bef2', 20, 47, NULL, NULL, 'Việt Nam', NULL, NULL, 'Long An', '', 'Gertie Abel', '1990-11-15 08:00:54', 'Abel Woodward', '1970-01-01 02:25:46', '5bd71cda-209f-2ade-54d1-35c781481818'),
('7686595d-16d5-33b3-0080-e8e2a817c80e', '138643', 'NCC00007', 'Công ty CVRAI', '0381878225', 'http://tri6966.vn', NULL, 'Bạc Liêu', '36ac2df8-2b1e-368f-cc1d-086412a8ea97', 'Ông', 'Phạm Bảo Huy', '0971795208', 'Son81458@haui.com', 'Phạm Bảo Tuấn', '2181e1b4-3cf9-2495-bbec-c0283040ad25', 63, 63, NULL, NULL, 'Việt Nam', NULL, NULL, 'Bạc Liêu', '', 'Eusebia Noland', '1976-07-29 00:17:51', 'Carroll Binder', '2020-05-03 04:57:28', '548dce5f-5f29-4617-725d-e2ec561b0f41'),
('768f8e64-7d10-20c9-967d-e8c757976496', '149283', 'NCC00005', 'Công ty ODCIQ', '0306176320', 'http://lan3417.com', NULL, 'Hà Nội', '1e5e96fa-5d7a-599d-27c2-579daad24557', 'Ông', 'Trần Trần Anh', NULL, 'Thieu4761@gmail.com', NULL, '26a546dc-51ef-474e-ec75-f433c80be791', 31, 13, NULL, NULL, 'Việt Nam', NULL, NULL, 'Hà Nội', '', 'Oma Lawler', '2008-04-11 03:51:52', NULL, NULL, '548dce5f-5f29-4617-725d-e2ec561b0f41'),
('771e3dd1-42bb-2339-acdb-e5d54223c257', '179306', 'NCC00039', 'Công ty UVBGC', '0872862194', 'http://lan7353.edu', NULL, 'Hòa Bình', '506acf1e-5331-67a9-0d77-d9ebc53aac3d', 'Cô', 'Bùi Minh Kiệt', '0875147621', 'Tuong938@gmail.com', 'Võ Gia Trang', '49b5613c-112f-5d16-636f-d59c8dd9bef2', 19, 37, NULL, NULL, 'Việt Nam', NULL, NULL, 'Hòa Bình', '', 'Corey Musgrove', '1998-11-18 21:44:26', 'Darrin Downey', '1970-01-01 00:10:02', '30d41e52-5e66-72bc-6c1c-b47866e0b131'),
('7abe18db-2b8a-5fcb-aedb-e5d54223c257', '121201', 'NCC00054', 'Công ty BGNBP', '0391219385', 'http://ngoc7425.vn', NULL, 'TP Hồ Chí Minh', '677132b4-2a33-68d1-26c2-579daad24557', 'Ông', 'Nguyễn Thụy Huyền', '0801367154', 'Hien642@misa.com', 'Nguyễn Bảo Anh', '2181e1b4-3cf9-2495-bbec-c0283040ad25', 67, 40, NULL, NULL, 'Việt Nam', NULL, NULL, 'TP Hồ Chí Minh', '', 'Sonia Ackerman', '1970-01-01 02:45:15', 'Heriberto Purdy', '1970-01-01 00:01:09', '5bd71cda-209f-2ade-54d1-35c781481818'),
('7bec5682-21c4-666f-a8db-e5d54223c257', '118782', 'NCC00014', 'Công ty PKGSE', '0370318122', 'http://ngoc8221.edu', NULL, 'TP Hồ Chí Minh', '6c80a684-1cb5-41af-ff34-60b3ebf808a9', 'Ông', 'Nguyễn Gia Hưng', '0990419485', 'Nu222@gmail.com', 'Vũ Thị Anh', '2a951a0f-259c-2832-7dcc-ee92bf437a3f', 53, 89, NULL, NULL, 'Việt Nam', NULL, NULL, 'TP Hồ Chí Minh', '', 'Adam Geer', '1970-01-01 00:00:01', 'Augustine Corbin', '1970-01-01 00:01:06', '548dce5f-5f29-4617-725d-e2ec561b0f41'),
('7e8f50b2-5100-74d8-0480-e8e2a817c80e', '144879', 'NCC00059', 'Công ty DRCOM', '0398278519', 'http://lan3532.vn', NULL, 'Thừa Thiên Huế', '5254e49d-4368-3162-29c2-579daad24557', 'Cô', 'Nguyễn Văn Tuấn', '0909434869', 'Bang84444@gmail.com', 'Vũ Thảo Yến', '26a546dc-51ef-474e-ec75-f433c80be791', 63, 81, NULL, NULL, 'Việt Nam', NULL, NULL, 'Thừa Thiên Huế', '', 'Deedee Strange', '2013-03-06 08:49:13', 'Carolann Cosgrove', '1997-04-14 16:54:44', '548dce5f-5f29-4617-725d-e2ec561b0f41');

-- 
-- Restore previous SQL mode
-- 
/*!40101 SET SQL_MODE=@OLD_SQL_MODE */;

-- 
-- Enable foreign keys
-- 
/*!40014 SET FOREIGN_KEY_CHECKS = @OLD_FOREIGN_KEY_CHECKS */;